id,user_id,map_name,map_number,duration_seconds,consumptions,max_health_end,damage_received,death_type,decision,completed,played_at
1e9d10f3-b32f-415c-ac41-22078acd7c3f,8ecfe4f1-d635-42f7-828b-db475a898c4d,Habitación,2,484,4,25,80,enemigos,,True,2025-11-01 23:07:00+00:00
9f8c0384-fc54-4d55-8bd3-927139fcae6a,2f59f2e4-b5dc-4ea8-9c35-c09b0ef7fe64,Habitación,2,552,5,0,29,sobredosis,,True,2026-07-05 16:49:00+00:00
2f866124-bc79-4fef-b74d-737c0f90b7f0,a5049d09-4999-4577-bc1d-b67d725fe1bc,Habitación,2,473,4,7,39,sobredosis,,True,2026-03-08 11:02:00+00:00
b9a1dc2c-ac66-4f8e-8959-8cab28defb9d,f89ba5fb-fb3f-401d-ab03-6b22550523bc,Mapa 1 - Neón City,1,199,2,0,243,sobredosis,,True,2026-08-17 16:48:00+00:00
8028cdf0-8b59-4774-bf78-0de3e75b040f,f89ba5fb-fb3f-401d-ab03-6b22550523bc,Mapa 1 - Neón City,1,174,0,10,117,abstinencia,,True,2026-08-17 16:50:00+00:00
4bd78382-43fe-4802-a8b7-0870494c5c42,f89ba5fb-fb3f-401d-ab03-6b22550523bc,Mapa 2 - Subterráneo,2,260,2,0,190,colapso,,True,2026-08-17 16:59:00+00:00
072b202a-3e13-4525-8c75-57d766e8b12c,f89ba5fb-fb3f-401d-ab03-6b22550523bc,Mapa 2 - Subterráneo,2,230,0,49,48,,ignorar,True,2026-08-17 17:06:00+00:00
59d18d7f-6e18-4ead-950c-0febf49bf037,f89ba5fb-fb3f-401d-ab03-6b22550523bc,Mapa 3 - Abismo,3,253,4,0,172,abstinencia,,True,2026-08-17 17:11:00+00:00
a981e78e-1698-4ead-88eb-ccb0711ace17,f89ba5fb-fb3f-401d-ab03-6b22550523bc,Mapa 3 - Abismo,3,223,3,0,155,enemigos,,True,2026-08-17 17:15:00+00:00
812eea3e-0704-485e-bb9a-a0fc86ec721e,f89ba5fb-fb3f-401d-ab03-6b22550523bc,Mapa 3 - Abismo,3,205,5,0,160,enemigos,,True,2026-08-17 17:18:00+00:00
e5df22e5-a781-464f-92be-e23f9753709c,f89ba5fb-fb3f-401d-ab03-6b22550523bc,Mapa 3 - Abismo,3,192,2,44,56,,ayudar,True,2026-08-17 17:21:00+00:00
02f8c359-c3c6-4ff3-bd93-2986f189f8e1,9096837f-2c40-4ce5-b071-8de36c839476,Calle Vacía,1,580,3,12,54,colapso,,True,2026-07-07 00:31:00+00:00
b4eb7a43-4950-4950-a4f8-ee449eb83cec,8caa91ce-762c-47d0-9e96-4483fa3f5890,Hospital,3,266,1,6,46,caidas,,True,2024-12-29 02:13:00+00:00
7d4882ff-a934-4ae0-90b1-fb9a3a15a730,f6dff08a-5560-42bd-b839-670d20b9e001,Hospital,3,132,3,40,33,,,True,2025-04-04 10:30:00+00:00
e9f68732-5141-4aba-98a9-8ffb5ab6fb25,b706bfba-98ea-462e-9810-366d38d5b986,Recuerdo,6,396,4,54,51,,,True,2025-05-27 03:24:00+00:00
ca6c8aff-3eeb-410b-b00e-90e0f85488a0,0ea52491-3343-4415-8ee8-e2cfb2352b80,Calle Vacía,1,90,5,4,93,caidas,,True,2026-08-02 21:26:00+00:00
7e3d5568-0e43-4095-8a7e-2403f2b3f802,c06c7b4f-fe1c-4f5a-b7ea-478432626cda,Habitación,2,312,2,3,90,caidas,,True,2026-02-03 20:09:00+00:00
52d508a8-e450-4a65-b1ad-20bdeeef0fe7,a8c39533-1772-4c55-915e-d7d6d81acfb8,Calle Vacía,1,447,1,100,20,,,True,2026-02-03 01:13:00+00:00
adf6c83e-e7e1-450c-9f3c-9eef8dc4bfb4,e94f5ec6-86ac-4608-a4e9-a547dd395627,Refugio,5,143,3,15,9,sobredosis,,True,2026-08-03 23:20:00+00:00
ff010c63-d755-4089-962c-983a60d8da27,25c6dbfe-5cc6-4577-99ee-9b3054d6f81f,Habitación,2,62,1,59,80,,,True,2025-07-26 22:10:00+00:00
fa33b9a2-d767-4c85-aa01-85739d45a1f4,f9fd454e-3796-42b4-b3ee-75ea95902b0e,Calle Vacía,1,311,0,45,57,,,True,2026-03-25 21:44:00+00:00
31995acc-cf66-43d5-940a-f6bea379df53,54221cf1-5e39-4726-adfa-325a2a4452e8,Habitación,2,516,4,99,29,,,True,2026-01-11 23:16:00+00:00
bce9bff2-66c1-47ba-a9c1-ff16bb17b2ae,5819760a-977c-484a-ba45-55f995529c74,Calle Vacía,1,93,4,22,81,caidas,,True,2026-01-09 01:27:00+00:00
9cc96619-b7d7-488a-9ac4-40ad237802b1,e876692a-3207-4160-89c9-f0639844a9d3,Calle Vacía,1,598,5,69,23,,,True,2026-08-03 01:16:00+00:00
9e310d0c-9acb-48b9-ad92-a84ee742bf1b,076afd51-c7c5-418f-82a4-27e26a5ff85a,Calle Vacía,1,512,0,20,59,caidas,,True,2026-07-06 20:07:00+00:00
c311291c-356c-4851-bd9e-e56eda46ec2a,0ba00a8a-9eb6-452c-907e-c9895dbb0f65,Calle Vacía,1,359,2,7,88,sobredosis,,True,2025-04-12 22:59:00+00:00
1f03fa11-4a09-49e0-a3a9-e0e21aef7914,392f953b-7b46-4b0e-80df-9a84ddb5db21,Recuerdo,6,67,5,41,19,,,True,2025-03-04 23:07:00+00:00
5b040b82-0789-48c9-8b57-f0716805924a,d8dc1a14-41c6-47be-98a3-d2be7d46ca31,Refugio,5,270,4,95,8,,,True,2026-03-21 00:04:00+00:00
29bcfa74-9913-427f-97c9-a214862ba477,1f8bfaaa-790e-424c-bf99-07036b4ae8fe,Calle Vacía,1,386,4,16,99,enemigos,,True,2025-03-22 16:45:00+00:00
5a2f2c19-873b-4440-914c-0e32b48089af,b11b2fc3-b23c-4d96-a1ca-fb8b55dc420b,Calle Vacía,1,263,5,2,23,caidas,,True,2026-08-06 10:48:00+00:00
bcf3c937-0662-4859-9595-16676fcdd06c,ee293ea8-514a-45dc-bc60-b7a9f1d4f7ea,Recuerdo,6,280,1,51,35,,,True,2025-08-29 12:22:00+00:00
1f5b9e35-5bf1-45b1-af11-2ebc8dafc1bd,5fe07bcb-22eb-4373-ac39-a7e863dfa01a,Callejón,4,136,2,3,99,sobredosis,,True,2025-05-10 01:21:00+00:00
02d3f497-c94f-41f9-8658-e8ef0b67c02c,a2ef248c-2060-4446-9ad8-93ace53670cd,Habitación,2,311,2,23,88,abstinencia,,True,2026-02-22 00:53:00+00:00
4f372924-0fd1-4abb-9027-33366f07b2f7,0b7ea584-637f-4362-8e0b-cbcf0a4b2753,Calle Vacía,1,550,0,13,12,abstinencia,,True,2025-01-25 01:04:00+00:00
3006430e-b47a-409d-a65a-1a63d10855d2,94f87288-873a-4d78-a687-2773cdf1b6c3,Calle Vacía,1,268,1,75,76,,,True,2026-01-28 16:11:00+00:00
c5a84580-77a3-48b5-b12b-8d7e99a45a61,f4ee8516-bf42-4368-b32d-b80d84a4d861,Callejón,4,77,4,48,27,,,True,2025-08-03 23:38:00+00:00
2ec44f46-ed72-445d-a86a-c98c781ba1a0,9db63199-f1eb-4d6d-9f63-3175ad0f6ba0,Habitación,2,252,0,4,10,abstinencia,,True,2026-02-18 21:45:00+00:00
1cb103fa-e991-4fb3-844c-b488e06d2557,b9a119cf-072c-4f8b-abe4-79598f25884a,Calle Vacía,1,573,0,11,89,abstinencia,,True,2024-10-06 14:42:00+00:00
c87c8a4b-b193-49b1-bb46-769da0b7e56d,38eae0d4-172b-4bf0-83f2-0876dbceb7b8,Habitación,2,97,4,2,42,caidas,,True,2025-09-17 19:51:00+00:00
3fe2a5a2-8d6d-445e-85d0-2e4af5412e4e,2e8d4469-375e-40c5-b9a1-29b4a2375396,Calle Vacía,1,258,1,3,75,abstinencia,,True,2025-02-25 18:42:00+00:00
a6a8074b-5333-4032-bd26-1532527f5422,87aac389-d0a5-4ee4-b910-b9f05b6ca009,Calle Vacía,1,484,2,44,76,,,True,2025-04-11 21:41:00+00:00
00e2fe3e-b36c-44fa-82fb-cf1430a48632,7ca4b828-ff24-4bd0-b34c-63acf835596f,Calle Vacía,1,358,1,8,71,sobredosis,,True,2025-02-07 20:11:00+00:00
b846e1c6-a8ef-4c7c-b769-a38723d8413d,60b6b4d0-8af7-466b-8128-cf51900ecd73,Hospital,3,315,5,4,54,sobredosis,,True,2025-02-16 00:55:00+00:00
e5055ab6-cf2e-438c-baa6-7b50c745bc89,5e4915cb-1577-4101-a7c5-741e869e7557,Habitación,2,223,1,94,99,,,True,2026-02-08 11:56:00+00:00
ba834f40-e170-4291-b2f5-44b72df09f8c,bf681a36-7b4f-422d-a800-2aef542310c0,Habitación,2,200,1,84,71,,,True,2026-03-25 21:46:00+00:00
2d54dc5e-fc4c-4c29-ae3e-d60e2fa56267,24857cf1-611d-469e-8d21-59de84ae8907,Hospital,3,351,5,89,16,,,True,2025-10-18 12:18:00+00:00
898097ab-8b75-4aa1-a3f1-e658df4a1ee7,bcfa8eab-b295-4197-bf81-8f80cae0a219,Habitación,2,493,4,79,28,,,True,2026-01-17 00:02:00+00:00
7999f419-b696-4f99-963e-56d808c67787,4e1829f4-7bc3-4475-a941-150a75c43ab9,Habitación,2,227,2,20,98,enemigos,,True,2026-01-12 02:32:00+00:00
cfaeb6da-5061-45af-b018-b76a7150c787,a8e4fb50-f4ef-4f25-877d-5dc3aa9f5dd8,Calle Vacía,1,167,1,74,46,,,True,2025-08-15 23:42:00+00:00
178dbde7-0c53-449e-9f32-26c5fbdaaf3c,06ea5365-2be6-48a6-bacc-f0a2927bf2fd,Habitación,2,419,3,42,15,,,True,2026-06-04 00:12:00+00:00
b3ac3c47-a13f-4cdc-b885-eba5f0559e6f,e2d7f549-0141-4b94-a11d-eccb229486ba,Hospital,3,278,3,27,14,caidas,,True,2025-10-29 17:18:00+00:00
5d67f6d7-c438-4203-89c1-2cf58721ee06,e15c891e-9dad-42f1-bb31-e1cf26ff3c30,Hospital,3,560,1,24,7,caidas,,True,2025-03-02 15:13:00+00:00
308c4c27-d971-402c-b74f-91f0d16dca4d,b68073df-78af-4be4-915b-d2963a578e3b,Habitación,2,81,5,2,99,colapso,,True,2024-10-16 14:44:00+00:00
4e264e61-873c-4dd2-bf91-6e3b90bc47ff,a34c3992-63b7-46e2-9c8a-fe80bd52f4dc,Calle Vacía,1,568,1,61,12,,,True,2025-03-19 12:44:00+00:00
d85afbbb-882a-4d5a-ab9f-bf3e7fa2b1d4,181ef57d-9cae-4f48-9e8c-45e1c6898cb4,Calle Vacía,1,401,4,5,41,caidas,,True,2025-12-12 00:28:00+00:00
c1e06391-7dd7-44d4-a9be-e7ac2cd4fbf8,50f33800-a547-4b2e-9df1-07d5c299a766,Habitación,2,208,0,10,11,abstinencia,,True,2026-01-27 12:54:00+00:00
05980ceb-bd2c-4d0e-b4d9-143313f9d52b,3f25933b-4405-4fd8-b071-2b00376f76d6,Hospital,3,132,4,8,37,caidas,,True,2025-11-02 14:30:00+00:00
6ca1fb9a-2daa-41ac-80fd-fc88874fc05f,c0e4e6ce-a5d2-47b2-9ad0-8d29e8d5a27e,Hospital,3,366,4,87,32,,,True,2025-01-25 00:49:00+00:00
3fd53508-2899-4d8a-8c60-8fed4b086ced,41941911-2e41-4200-a08b-b58ed55873cc,Callejón,4,135,1,29,12,enemigos,,True,2024-08-12 22:54:00+00:00
c3f1e31f-403e-4b57-8f15-f6fbe6fe12dc,a2231adf-2712-46e1-8c9b-6230db5d256c,Calle Vacía,1,415,5,95,63,,,True,2026-07-05 20:55:00+00:00
44dab608-9184-4be9-b934-336b2ee7eeb7,a973de83-b5bd-4e25-b63f-1ddbf7d11393,Calle Vacía,1,139,3,20,60,abstinencia,,True,2025-03-21 23:00:00+00:00
c534a49b-5a43-4c54-977a-a152da328dfc,ffddbea3-4fc0-4d4c-a585-45d7d02c0f08,Recuerdo,6,93,2,4,94,caidas,,True,2026-06-12 23:37:00+00:00
f55f3245-c40c-434b-9511-c5e585db5cd9,eb0b24b1-9890-49b3-8373-4241db5a5dca,Callejón,4,139,5,13,86,caidas,,True,2026-03-29 13:55:00+00:00
95cf5a81-dd44-413c-af2f-ecd7cf7428be,14d7d1fc-0700-4c4f-a1c9-e9099f97c24e,Hospital,3,193,0,7,12,caidas,,True,2025-10-11 11:49:00+00:00
73056f2a-7835-41ae-85c4-00722ddc5807,95c17ebb-4a1a-4ef1-94ec-1ca742449910,Calle Vacía,1,378,3,45,52,,,True,2026-01-09 18:28:00+00:00
1d25c3d6-30d4-4ba6-9811-694e6058a66f,6f05024b-2d8a-49fd-a703-3f7487b8ba1e,Calle Vacía,1,427,3,2,13,enemigos,,True,2025-01-09 22:18:00+00:00
04cd9c22-cf2a-4466-affd-75948ecf8a0c,64401273-6db2-4fad-9ab8-b3e86f138711,Hospital,3,281,1,25,66,enemigos,,True,2025-10-10 21:19:00+00:00
7284be6e-1354-4170-816c-295cd3b21f77,47807dbb-039b-4ee9-9fa3-564874ceee97,Calle Vacía,1,305,1,72,23,,,True,2026-02-10 23:10:00+00:00
ccfbbef1-d660-43f5-9c41-3c806f23c70e,a5aef223-984a-4675-bbfa-588df65ccaf9,Calle Vacía,1,317,5,45,37,,,True,2026-02-10 10:37:00+00:00
b29c3ef5-ea81-4adb-ac22-5a38558dfcc8,d0592d6c-1ab6-46e6-99a5-c5001d0c3972,Refugio,5,490,5,4,11,colapso,,True,2025-03-24 14:57:00+00:00
a46f4f90-ebb0-4648-b883-05faa42f5245,16a0d290-21cf-44a6-9303-116369d49a4d,Calle Vacía,1,355,2,98,51,,,True,2026-02-08 10:49:00+00:00
d3d69560-c819-4b14-9e05-aeedec33e114,7d7b0052-e043-4b7b-b594-f58800d4f3b9,Habitación,2,272,4,15,9,abstinencia,,True,2026-08-03 20:24:00+00:00
2da2460b-a136-405e-9fa0-343285546164,b8d62b38-8753-4ba3-88ca-a1ae7fc1c38a,Hospital,3,122,2,54,55,,,True,2026-01-10 18:11:00+00:00
d38282e2-a148-4504-b5d1-a3a251492c1f,c585c846-5994-4adf-af4d-a533f2b24f35,Hospital,3,240,5,42,31,,,True,2025-09-09 11:34:00+00:00
d317d082-641b-458b-8ee7-4f61ea84692c,730c222f-510d-4bee-a2c9-9e2ebefb2f5f,Calle Vacía,1,452,2,2,75,colapso,,True,2025-09-16 21:43:00+00:00
00779871-7a42-43eb-8e4a-749415ee3409,6d24331f-080e-4e9c-aef9-06350168d566,Habitación,2,437,2,79,7,,,True,2025-09-11 12:33:00+00:00
289b7f0f-a46b-43f1-bc9b-972eb82aee9b,3a342104-573d-4de8-8407-991925cfe259,Calle Vacía,1,534,4,18,82,sobredosis,,True,2026-03-11 15:58:00+00:00
44d1d2a2-80c8-4767-ac75-e70118c9b0ac,95afddbe-14f0-4344-881d-f2afc0777d3d,Hospital,3,180,4,5,34,colapso,,True,2026-02-23 23:40:00+00:00
876a312f-e8b0-4dee-bdba-79d7600c4e08,254ce12f-c452-4b91-a77f-93f34cc43990,Calle Vacía,1,74,3,29,17,enemigos,,True,2025-06-15 21:17:00+00:00
0e5018cd-5324-4322-80e2-7af07be5ea03,d00a24be-d53f-49a8-ba8a-eec96de2fdfc,Hospital,3,505,5,67,60,,,True,2026-01-11 17:23:00+00:00
119abd29-1a16-4ff0-b2f4-6d9570765664,1e195fd6-23c3-4d0c-b173-4e71a02b0a73,Habitación,2,595,3,3,95,sobredosis,,True,2026-06-14 12:47:00+00:00
7bc7a02e-3739-4b46-8a84-8c75b117ec4b,4cb04f49-3e31-4544-877a-68125a146ea2,Calle Vacía,1,182,2,11,13,sobredosis,,True,2026-06-10 11:17:00+00:00
c3bd311e-fdab-4d88-87ff-788afcf7233c,4e3efe06-c29e-49b1-85b3-bda536f312f0,Hospital,3,555,0,11,16,colapso,,True,2025-08-11 21:15:00+00:00
ec35a948-e6f1-4cef-ae11-c7eafb370610,897d02c3-131d-45b4-83b0-d991ec413910,Calle Vacía,1,216,1,17,4,sobredosis,,True,2026-01-02 23:59:00+00:00
8661a8b5-ee9e-4015-96e2-5e2e41c22ddb,382a9455-ecd5-48c0-bc31-732abc8b2690,Hospital,3,249,2,99,88,,,True,2025-07-25 01:18:00+00:00
e3ef4dd2-69c8-4dbf-91d8-e693d502675e,2d51be33-fbbc-4c22-86cc-1cdb9411c43b,Habitación,2,208,1,2,85,colapso,,True,2025-07-27 03:21:00+00:00
3b28cc68-237e-4ec4-9b2f-3e85b26f0f59,28d64d8f-7d8f-4e26-95e3-33195f6e6675,Habitación,2,303,4,8,16,abstinencia,,True,2025-04-04 13:36:00+00:00
2f48721a-4166-4a1b-b4e5-a9f92888ea16,56ef1a43-d9bf-491a-b7fa-9ad42aeaa33a,Recuerdo,6,427,5,11,77,abstinencia,,True,2025-06-03 23:46:00+00:00
d495fcdf-687c-4aec-8491-a560d4018ff9,4d917db5-bc52-444e-bb9c-8415f7ad652a,Calle Vacía,1,282,2,11,56,colapso,,True,2026-06-12 23:22:00+00:00
e37ae613-10a1-4d22-a1de-f189e5c71bcd,df8bedb2-5e42-41a9-8ad6-abe335dd0f38,Hospital,3,507,5,11,65,colapso,,True,2026-08-02 02:45:00+00:00
71339663-8a91-4b53-b3c5-0a41500bc26c,c7f51a79-0e85-484a-aa68-43aac99bbdac,Calle Vacía,1,494,5,24,14,sobredosis,,True,2025-11-16 22:46:00+00:00
a811a0f1-7356-4f5d-9696-232b5330a54c,7cf6abf1-4ece-4728-b539-315c5933f50c,Habitación,2,505,2,29,66,enemigos,,True,2024-10-26 00:57:00+00:00
9cda5bc0-e00c-47f4-92a8-081fa263a587,a799463d-2593-46bf-9d71-7521477b1239,Recuerdo,6,332,1,9,35,sobredosis,,True,2025-07-26 18:07:00+00:00
e4e21c7c-2dc1-4c82-97b0-d8c74d8e3a22,72d702f0-6178-45d5-a3b2-0a52b64c58c0,Calle Vacía,1,244,3,24,45,enemigos,,True,2025-07-08 19:27:00+00:00
2855dff4-7465-44e6-8c5f-e942fccd2359,57be1a98-f517-4101-8ca7-05a6245de2f0,Habitación,2,165,5,19,21,enemigos,,True,2026-01-29 01:51:00+00:00
7bdb33b7-f2b1-4368-955b-01cf9dce87d8,167f7f97-3157-442b-bcb1-a23ded9d7f78,Hospital,3,288,0,2,57,caidas,,True,2025-07-29 19:46:00+00:00
875cfeaa-ba14-444f-944d-192d5a09e219,1119eb8c-6329-44eb-91a3-a82f81ab938d,Calle Vacía,1,313,1,24,84,enemigos,,True,2026-08-02 15:33:00+00:00
1c044cf9-33f5-4dc3-83b1-5c8784dbea0f,2dbec0fb-07dc-4e8a-9f67-eb5dafdf092f,Calle Vacía,1,298,1,6,31,caidas,,True,2026-05-16 11:18:00+00:00
da6de522-1742-4b20-b746-bc66b4d8af99,ace9bef7-5036-4418-b890-b0380e958c46,Habitación,2,309,1,24,95,enemigos,,True,2025-10-19 15:52:00+00:00
530e6710-e5ae-412c-9c95-5bde3296d214,78d147e7-aadb-4209-9a4f-03fe252f4b44,Habitación,2,505,3,64,7,,,True,2025-11-01 15:11:00+00:00
825457ae-8f3b-4d7f-a265-69e87b0ade45,9f6a9193-21e1-4914-b0a2-18c1e94ca983,Habitación,2,256,3,74,21,,,True,2026-02-22 00:05:00+00:00
9fb45ebc-0f3f-4aaa-b562-7e1919ad7f98,3d302417-64ef-42dc-be79-f58f574f2522,Habitación,2,286,3,8,32,sobredosis,,True,2026-08-02 00:48:00+00:00
ddce1b29-fa9f-4105-b51d-34ee23fe8ef9,30c4fc5b-dbd7-4e7f-9fba-508380ca7c62,Calle Vacía,1,584,1,69,48,,,True,2026-01-03 01:19:00+00:00
e7c458ed-e67d-4b1d-952e-5ce81c54db25,b6257415-8a0e-4348-9ea7-d4bd27b768cf,Recuerdo,6,518,0,74,4,,,True,2026-07-25 18:57:00+00:00
e2c1b5f8-e630-451c-97e7-efe0541935ae,5c2fac3d-b1e1-4749-a238-3dd4c0ceb878,Calle Vacía,1,454,4,8,49,sobredosis,,True,2026-05-29 16:50:00+00:00
d88a6bf7-887b-4919-95b7-a935dbfaf7d6,3596c305-185b-424a-a705-58c238728d04,Habitación,2,305,3,2,10,abstinencia,,True,2026-02-27 19:24:00+00:00
b9c62e54-d3c8-4a85-9e61-2341be79b9ba,ac66b8bd-1d65-41db-889d-982f67950679,Hospital,3,240,0,25,70,sobredosis,,True,2026-02-26 10:48:00+00:00
cb7f2891-83f9-42ea-b241-a73ee5a17de9,47389ef3-3e72-44f4-8e0f-e47a088d74e1,Hospital,3,479,2,99,91,,,True,2026-01-15 11:50:00+00:00
79b613f0-c482-41d9-85ed-e7b9451d091c,ab7b8b4a-9da6-4fb6-b364-8a3d570d23da,Hospital,3,198,4,58,59,,,True,2025-11-12 17:09:00+00:00
54b55687-a2bf-409f-aea3-ec164cc580f4,50f45f00-ae70-49ff-9925-fcbee11abbab,Habitación,2,372,4,78,41,,,True,2024-04-20 16:34:00+00:00
b40bce93-8396-4771-b435-eb17e081901a,5fdd0214-612e-44d5-a412-2025e4d21057,Habitación,2,588,4,8,41,enemigos,,True,2025-10-09 15:48:00+00:00
b59040d0-a02d-4e71-8888-d97fdbfc8ac5,463617c7-1caa-46a1-8670-589b5e5ef75e,Callejón,4,519,1,16,4,sobredosis,,True,2026-02-04 02:40:00+00:00
80369309-af2f-4697-96f7-5b545a45e697,163cd3d2-8a80-4679-844b-a8860c0daddc,Habitación,2,473,1,19,38,sobredosis,,True,2026-08-03 15:07:00+00:00
71ead54f-480e-464e-9d2b-bebb4bada965,0df08985-00d4-4ead-90d4-7bee3e6f850a,Calle Vacía,1,473,3,80,50,,,True,2026-07-06 23:50:00+00:00
c14e80be-c872-45a2-b284-c0c7c806e0a3,461255f2-13bc-4c22-af38-79904e2a469b,Calle Vacía,1,144,3,3,68,caidas,,True,2026-06-25 12:09:00+00:00
6287281f-522b-4c79-b410-43dcfaa0aaef,de22fabb-2bbc-4f24-b036-83c7bff791c7,Recuerdo,6,550,4,4,95,abstinencia,,True,2026-04-24 11:19:00+00:00
7a9a08c4-7a5d-4628-aad5-7c2d458e32eb,e69baf52-6a9b-4c86-b32b-27fbde6573f7,Calle Vacía,1,113,3,28,25,enemigos,,True,2025-03-30 22:17:00+00:00
d6f97e75-e453-4b9b-9464-3916a0edba04,3df0a47c-646a-4356-bc4d-ec8632b8efe4,Habitación,2,384,3,14,5,enemigos,,True,2025-02-14 00:29:00+00:00
f8b4e93f-fa75-4889-b524-c96d104d29b9,a0c13d80-878e-4401-85da-708a11f25a4d,Calle Vacía,1,354,0,69,74,,,True,2025-04-13 11:01:00+00:00
cd0ec0cd-34b5-4c60-99e6-bba1384d431e,e48650d5-6f78-4519-aa73-7aa6a84df84c,Habitación,2,168,5,46,46,,,True,2025-11-01 21:17:00+00:00
f61ff0e6-4540-415d-aa4d-5575db1acde3,372c5e07-45fd-4772-98b4-a6cbe055f7c1,Habitación,2,152,3,12,64,caidas,,True,2025-09-16 19:20:00+00:00
878a769d-2fec-45e5-a326-51d0cbd4d08e,435885fc-9759-4449-9b7d-fee8fb214ceb,Habitación,2,539,1,97,11,,,True,2026-03-29 00:05:00+00:00
a9a43a59-c6ef-47e0-8f8b-b36cd6fd2b04,e8c7cbea-b0c9-4ac8-8897-e6b0b9ba00b8,Habitación,2,147,5,16,75,abstinencia,,True,2026-03-28 19:37:00+00:00
f9319933-3a41-416d-bb78-e6e337910dbd,711689e1-6d32-4703-bd84-3a829b998849,Hospital,3,365,4,41,96,,,True,2026-01-06 23:51:00+00:00
417b4f3a-fbce-44f0-a4a0-5ccb465bfdda,d5e23072-f835-4c10-a7c8-b3571ecc12e0,Habitación,2,338,3,55,14,,,True,2025-11-11 20:36:00+00:00
bc2c7d5a-bed9-4577-bd7e-220b0d024876,840c710b-0694-4f36-9c9e-0203010f3b70,Calle Vacía,1,354,3,27,72,sobredosis,,True,2026-05-19 01:24:00+00:00
71f29156-eb69-41b2-b347-66d059dd8395,cf8724b7-6e31-4608-a5af-29c962ec5450,Habitación,2,256,0,28,79,abstinencia,,True,2025-09-14 22:46:00+00:00
043ae7be-db48-4753-83e4-e3ab1ae98904,d248cf24-20a7-4e98-a76d-b7ef9f280213,Habitación,2,302,2,86,96,,,True,2025-07-08 22:01:00+00:00
16f4a44f-2921-42d6-aaec-b2faf6ac2e95,41f67389-8b60-4c40-96b0-77215e47ef5f,Recuerdo,6,197,1,14,16,colapso,,True,2026-02-08 20:06:00+00:00
9a5e33c7-caa3-45dd-ac73-8e51d1dc5963,825a5350-7013-4e50-a033-e4fcb616cd5d,Calle Vacía,1,499,2,40,41,,,True,2024-12-12 21:40:00+00:00
0e8b6991-d57b-4cea-81c9-490f1270683d,b19fce55-b253-4f0c-8d3d-66a02e0b7221,Calle Vacía,1,451,2,19,67,colapso,,True,2025-08-24 20:14:00+00:00
07f58280-906a-44f2-b464-eaf7c23047dc,78af365b-7f42-4d26-b27f-f598ee6eb938,Habitación,2,570,1,22,87,sobredosis,,True,2026-01-17 10:32:00+00:00
1f062c7b-b998-475f-9985-33ec99719de7,66cc9e5d-0f6e-4fd1-b44f-2225b3ecbd0b,Refugio,5,227,3,12,73,caidas,,True,2025-01-25 23:36:00+00:00
65ef0652-ce67-4e42-abca-fe15d67f5ef5,4721283e-573e-4b41-80b5-c644a6861a93,Recuerdo,6,235,3,57,32,,,True,2025-09-27 12:08:00+00:00
5fc7150e-2587-418b-b723-819a3fd5fc4d,1739f519-c998-4ff1-9319-327a36af1e79,Calle Vacía,1,536,5,92,27,,,True,2026-07-31 22:33:00+00:00
a57e7b15-d54b-4272-a393-292b13785725,c769a9b5-3525-4dfe-9544-5211bfaa5c55,Recuerdo,6,426,2,24,79,caidas,,True,2025-12-17 00:00:00+00:00
36deeb9c-30fa-4768-996e-cb8834bccca0,e179d13c-268a-44bb-b794-2f96ce2cf7bf,Calle Vacía,1,247,2,86,42,,,True,2026-08-06 22:00:00+00:00
e857d94b-2e89-441e-a164-44c9aea9648e,3e3871bf-1d22-4584-a348-494dba43cfe9,Calle Vacía,1,487,3,48,53,,,True,2025-12-19 21:27:00+00:00
e07c9da6-ed56-4227-a581-573e1621af93,754a67a8-29f8-46a2-8d0a-5ccbc2e3e5cc,Callejón,4,536,0,28,25,enemigos,,True,2026-08-01 12:35:00+00:00
6c3d38c0-7aba-4576-aed3-0c0572c320bb,26baa290-8df2-4719-837a-92541ff7a960,Calle Vacía,1,256,4,3,2,caidas,,True,2025-11-14 13:35:00+00:00
9b6e5bb1-d039-450e-9a1a-a71375bae9bf,3642b1ed-422f-4954-94c0-a79b82f76897,Hospital,3,270,5,15,49,enemigos,,True,2025-12-31 18:13:00+00:00
59a4fde2-4f6d-47f6-b701-7a3530d50a6b,13063e6c-352a-41dc-8af1-255bc84b4e52,Hospital,3,153,0,51,1,,,True,2025-04-14 23:51:00+00:00
2ec0b6a5-cb85-4277-ae49-908365f6f7e3,aaccd291-da94-4bac-92d1-ab5ce1986aa9,Habitación,2,511,0,8,30,sobredosis,,True,2025-07-20 21:45:00+00:00
7aa52347-6616-4399-845e-2c6b9f95cb2f,8fdffe00-4e56-4c4c-b093-4e3e3811d045,Recuerdo,6,595,0,21,21,abstinencia,,True,2026-06-06 12:02:00+00:00
531e300e-1dbb-493e-be83-7ed56b87298b,256d5fef-7940-4e66-84a8-02ab7df1898b,Calle Vacía,1,307,5,16,95,sobredosis,,True,2026-04-30 19:00:00+00:00
6c2747d0-208f-43de-bebf-c738066fc51e,cba32ccd-92f6-4998-8105-71346898f256,Calle Vacía,1,431,3,84,27,,,True,2025-02-08 17:11:00+00:00
ae3f0cf0-93a0-4684-80d8-aa93b9a66ab7,7cadc819-53f1-482c-be57-20ea843e2415,Calle Vacía,1,186,5,26,29,abstinencia,,True,2025-09-16 22:07:00+00:00
a963f93a-ecd9-43c4-a8b7-a253077b10fb,0890c555-4dcb-4c4a-94a8-70ef01143844,Hospital,3,84,1,79,41,,,True,2025-09-07 10:26:00+00:00
c0848bc5-0f90-480f-b4d4-17b7d21cac18,a754349b-3fae-4fda-858a-30d8f114c97b,Habitación,2,337,4,6,94,abstinencia,,True,2026-06-25 02:16:00+00:00
12f801f1-ddc7-4fe8-8604-9d4af2e079fc,cee94d7b-2ace-4a3a-9fcc-fa0a772a4ad3,Calle Vacía,1,321,0,82,84,,,True,2025-04-19 20:00:00+00:00
fb0815a4-7664-47a0-94d9-92c9fd8e25b7,7b5152a0-1985-412c-8506-85f020ec5155,Calle Vacía,1,382,4,8,42,caidas,,True,2025-12-23 11:29:00+00:00
5593296d-27fc-4d20-b6d6-a2226e40bb1f,04785dfd-5b4b-4ee7-9e52-28f70825c238,Calle Vacía,1,178,4,50,32,,,True,2024-07-29 21:34:00+00:00
9e51e008-7a19-4d70-a771-89d4e0bbc7c3,46b14c1e-0edd-4aa7-918e-855931085568,Callejón,4,134,2,23,0,enemigos,,True,2025-09-23 18:46:00+00:00
1aedbea6-5dbc-41e9-81f8-7ab865177af0,bc13a627-6473-44d5-a45b-7713d33a961f,Calle Vacía,1,324,2,22,84,colapso,,True,2024-09-08 22:54:00+00:00
83baad5b-75f8-43f6-867f-07e92f6a605b,4d93e007-000f-49d5-b03f-1fcd312b506f,Calle Vacía,1,248,5,88,6,,,True,2026-06-12 23:12:00+00:00
15ee4ad8-3a87-413a-8458-03a7eb1e898e,fc16bade-e7c4-4831-9342-918f0d195b97,Habitación,2,314,0,29,10,caidas,,True,2026-03-20 23:49:00+00:00
183078a8-d8d1-4945-8f86-15da24b82df5,3f3ac9cb-97bd-4866-a47f-283adf5ad647,Refugio,5,428,3,0,3,colapso,,True,2025-02-19 13:43:00+00:00
834715b8-3737-4692-b3ac-07d6cb4ec22d,79a9df9b-89d1-4c37-b2ff-fa680aa083e3,Habitación,2,474,3,73,83,,,True,2026-04-12 23:09:00+00:00
98016a36-57aa-438d-abb4-4c3dbaed5422,5e4ebfb8-c279-49a7-a60e-f6d838799ca7,Calle Vacía,1,533,5,24,11,sobredosis,,True,2025-10-17 20:54:00+00:00
03f6f361-8e81-44bd-a3b6-3493cb2fe17f,c85d9207-d157-4fd1-8e9e-a7b2d816bebb,Habitación,2,227,0,79,60,,,True,2026-01-17 15:26:00+00:00
1d9e2e02-1ca0-4817-a4c9-ca9e4ba651e6,70943676-c8c9-4a54-a983-7addae616f07,Calle Vacía,1,90,0,0,98,sobredosis,,True,2026-07-21 09:36:00+00:00
c461bc24-ee3a-46c3-a6d9-ac2c809ba04a,bfe93845-fd4c-48e9-956e-de3f998c37e8,Calle Vacía,1,411,2,16,77,colapso,,True,2026-04-24 23:54:00+00:00
830f43b6-6754-411e-8ffe-8d09c44c32d6,e8043f64-b723-460c-851d-ede1acf237f5,Refugio,5,597,5,10,50,caidas,,True,2025-10-04 01:36:00+00:00
e0bfc9d0-826a-4d2b-b6bc-a8393f84bda9,e1e3b126-92ca-4626-b83a-472b8c645d22,Calle Vacía,1,444,1,12,34,caidas,,True,2025-09-12 01:13:00+00:00
fc234f80-5900-4355-8b56-034cf36d6696,0b8a2bac-6425-4cc6-b271-df6d102b2f3f,Calle Vacía,1,60,5,26,41,caidas,,True,2026-03-09 01:31:00+00:00
27caf9e5-1d3e-4b37-b589-468e30633098,0ad54996-7b31-420b-a849-b6c48608aa2d,Habitación,2,465,3,98,18,,,True,2024-07-15 00:56:00+00:00
5d713d18-28ea-43f2-8bc3-13705e5bada6,da41c7d1-a30b-4fed-813b-281a16189016,Hospital,3,67,4,19,91,enemigos,,True,2026-01-18 10:41:00+00:00
70c7fddb-4d6b-4472-b1a8-d27979ae8232,91b1b173-ef4b-4976-bbe4-00aa17a13819,Calle Vacía,1,489,0,9,78,colapso,,True,2026-02-22 23:43:00+00:00
8c6420b1-d0d7-479a-987d-d225badaeff2,62b30600-a14e-4194-8431-fcd3d5368b11,Hospital,3,109,2,19,89,colapso,,True,2025-09-22 00:24:00+00:00
63b1d4bf-15f1-4925-b142-65c9e346c2a4,7d5decce-0e57-4153-be7e-103dd13d7b7f,Recuerdo,6,225,1,22,26,caidas,,True,2026-02-11 11:50:00+00:00
4d62b40f-5276-46cf-b3f9-0526d38067cb,7e03fd83-f3b4-45a8-a448-bb41d210647e,Calle Vacía,1,187,3,8,89,sobredosis,,True,2025-04-12 14:11:00+00:00
9441fade-944d-4c1f-a734-ad70c0f6dba9,e06ebd4b-b101-4ab9-bb21-06482aa71c11,Habitación,2,148,0,72,62,,,True,2025-11-28 03:34:00+00:00
a7312482-0b81-4e02-b4a5-7bb926563a55,9e3a3297-cadc-446d-81be-509f334f0aaf,Callejón,4,149,0,10,65,caidas,,True,2026-05-10 17:18:00+00:00
566b5f24-38ee-445d-82c3-83d1cde93c37,3fadd5c9-75b3-45b5-a03e-86c0ceaf48f8,Calle Vacía,1,373,3,26,44,caidas,,True,2026-07-21 01:50:00+00:00
4fc56266-d0a4-416c-859f-2f0a7e3d26a6,74cc4c08-9e13-4b77-90ed-f60a1f7fa5b6,Recuerdo,6,411,2,47,99,,,True,2025-09-30 03:15:00+00:00
ca0fdab8-8458-4c6b-bb1c-101adfbfc62d,cbe85c1c-dc30-490e-96ef-feda246dbe1d,Habitación,2,576,4,16,10,caidas,,True,2025-04-02 20:33:00+00:00
86139288-b86a-41bb-a385-c48c099d7b59,c707f64d-0891-474f-9750-714e0b9c5841,Refugio,5,574,1,82,74,,,True,2026-08-01 10:54:00+00:00
50a31013-d590-46b0-a7a5-d63c865bd571,b09b0bb3-862c-44cd-8625-f876c93d686d,Hospital,3,248,0,0,2,abstinencia,,True,2025-11-27 13:01:00+00:00
91a88f58-d67f-4f4b-bd1e-bd8a319341e4,f6c826dd-a9fe-467d-b6c1-8f7cf688819b,Recuerdo,6,142,2,18,34,caidas,,True,2024-07-04 00:10:00+00:00
73044dec-09fe-45b6-aae2-babc263c5428,432df2a7-d219-4c99-8c3e-b8590bd19502,Calle Vacía,1,574,4,9,56,abstinencia,,True,2026-01-26 22:05:00+00:00
ed7d8963-8251-4a01-8762-fcc1b32b3433,7f87e769-cca1-43c2-ae6d-bd46541db7c1,Calle Vacía,1,108,5,21,60,abstinencia,,True,2025-06-16 00:20:00+00:00
43d00c79-70f2-456f-a4d2-eda2c33782ff,1acb3e34-f46f-4e0b-8fbc-d97d566b022f,Calle Vacía,1,253,3,89,59,,,True,2024-11-28 23:42:00+00:00
444d1831-93f1-4f4f-a783-5c49c20893e1,a21c2761-5cfc-4b8c-8875-4fcc2f39963d,Callejón,4,494,3,55,54,,,True,2026-05-27 12:02:00+00:00
afc7c2c4-0138-4348-8ee7-7c29420fe633,6d57e69c-0949-4062-8d55-423011b3ece4,Calle Vacía,1,584,5,3,17,colapso,,True,2026-07-10 21:11:00+00:00
19587c70-c9a3-4a1a-85f5-5be9a797f569,7be1fc78-747a-4f92-a0f2-da3359b63a65,Habitación,2,526,5,11,32,colapso,,True,2025-10-25 00:01:00+00:00
273c5a42-ea08-4ca3-8e9b-630bb48e928a,6c77ce4e-96f0-45b7-ad14-925a58fb9746,Callejón,4,244,1,2,73,enemigos,,True,2026-01-25 11:55:00+00:00
f37074f6-67ed-4a01-ba34-7c0e2b6dc8ec,dc63b615-d73a-4d2e-a68d-36bc5d4e2008,Hospital,3,342,1,8,64,enemigos,,True,2025-04-18 10:01:00+00:00
e3f299c2-03f2-4361-a926-a65334361fae,ee265cb2-898f-4bcc-ac33-356e7c736b99,Calle Vacía,1,162,0,52,13,,,True,2026-06-13 09:04:00+00:00
1e2d1ae0-1da6-4d4e-94bb-2dfe1d5dd9f9,26ad5285-7c89-47d7-829b-936ec62b9f00,Callejón,4,425,4,75,59,,,True,2025-10-07 00:32:00+00:00
e0f950ac-2fb8-48d6-973c-3753091a5dba,33c18136-d470-4506-a804-223d9694e332,Calle Vacía,1,592,3,65,91,,,True,2025-10-14 16:50:00+00:00
fe533e2c-4342-4cfb-8a5f-7a169beddf2b,b5a89277-c9d8-4d29-a51f-46e13f9fda2c,Habitación,2,351,0,64,91,,,True,2025-07-08 15:42:00+00:00
95bcb1eb-58c1-40ee-bc03-901125c02186,2ea54bb5-3ddc-447e-a3b0-0bd97abe8303,Calle Vacía,1,460,1,26,75,abstinencia,,True,2026-04-02 16:54:00+00:00
6240900a-1086-4850-a640-a716d494099d,d8875790-4b46-4f66-be74-de50d459d53d,Calle Vacía,1,196,2,92,55,,,True,2025-12-14 20:27:00+00:00
82cd0f18-c83c-432e-92b1-41b400821489,38d04d0b-ce67-4230-a6ea-20189393429c,Recuerdo,6,566,2,50,77,,,True,2026-08-05 13:38:00+00:00
2f7a798b-317d-4847-98cd-5a02697139a4,82114986-d8eb-462f-a453-23b6c73d355f,Calle Vacía,1,389,4,19,4,abstinencia,,True,2026-08-01 23:24:00+00:00
8a07f83b-da41-42f6-84cf-1c8a26b29bea,ebde3c9b-2149-42b8-8467-db095a637574,Habitación,2,586,5,25,27,colapso,,True,2025-07-06 04:22:00+00:00
529064bc-2349-4644-9e2f-81a2c2f05df3,b7cc4a33-ecfb-4349-9250-7b6fda17d73e,Callejón,4,226,2,12,50,abstinencia,,True,2026-04-28 17:15:00+00:00
71c2b3df-aab5-4ed6-9ac2-054af4e175ba,3751b77a-0141-464f-854f-303f8d2a3fe8,Habitación,2,262,0,88,95,,,True,2025-11-08 14:47:00+00:00
3978174d-e864-445a-99de-0f143f598781,e0dc95f4-4cd4-4574-809b-1b8e5e6b8d74,Recuerdo,6,169,5,2,69,caidas,,True,2025-11-28 23:26:00+00:00
c710d517-a161-4238-ac08-8c380386cd34,6cfff236-3eb9-4e32-8a74-00f39305dcaa,Habitación,2,169,0,7,65,sobredosis,,True,2025-11-30 12:25:00+00:00
5b9104a3-7e8c-4f6f-8d31-dbaf19192d8c,9b158b18-1da6-4885-926d-8a435aaded3c,Hospital,3,586,1,4,12,caidas,,True,2025-03-09 21:14:00+00:00
8f229091-606b-4b67-958e-008a60edf0fb,f427cb6e-bd31-480f-9fb6-80c66d6757e2,Habitación,2,170,2,70,51,,,True,2026-03-09 14:34:00+00:00
e3b3c169-9872-4143-adaa-fbdc46097f9a,2478843e-b97d-4c54-88ae-11dba959a6b8,Habitación,2,526,5,4,8,sobredosis,,True,2025-03-18 22:43:00+00:00
323e3a72-10b0-46f4-82b2-1a46ef818909,778dc195-89c1-48d5-bb74-27cddde4682e,Calle Vacía,1,590,0,99,94,,,True,2024-12-22 22:47:00+00:00
fc0f5749-14d1-4fb1-81f0-2d7b785c76a2,2b038fbe-73e4-4484-8a19-663c42febec2,Callejón,4,323,4,74,56,,,True,2025-06-09 02:37:00+00:00
052e8f76-547b-40f3-9aed-dc10546d3d15,54637cc9-f16b-4bbe-947b-fe6b80d0edb4,Hospital,3,66,4,10,2,enemigos,,True,2025-08-25 10:51:00+00:00
aa871eea-0e57-450a-86e5-a027f55e9189,ccc0b49e-7e9b-4e97-83a3-4e5484fa9b73,Calle Vacía,1,543,4,23,99,enemigos,,True,2025-10-21 10:12:00+00:00
de443027-5970-42b4-a02d-6bd3e2331183,2e6bc7f0-f034-455c-b964-d5438e0d4721,Habitación,2,529,2,4,5,enemigos,,True,2025-11-15 01:01:00+00:00
c7cdb579-d200-40cc-9bf8-83df1d4f863f,8fa02fec-75af-44bf-8909-062091cbd5ed,Calle Vacía,1,417,1,48,15,,,True,2026-07-07 20:00:00+00:00
71b13a7f-dfe7-4b3a-a312-409fb64620e0,a16f6441-a0d7-433a-b1c7-fc7f48439da5,Recuerdo,6,69,0,94,93,,,True,2025-10-26 23:43:00+00:00
37c3aaf2-530f-4e91-84c5-7eb6066b5073,d868e879-2e15-4889-b48c-c9711608baeb,Habitación,2,456,2,87,92,,,True,2026-08-04 21:58:00+00:00
091e8757-033c-41bc-bf67-ba5cfb991286,12c9019b-ea1a-45cf-9a44-3e0b6fcd0137,Calle Vacía,1,512,0,21,1,abstinencia,,True,2025-07-04 16:22:00+00:00
e39f6f2d-3fd0-43bc-96dd-aae09fcd9e46,be67f3af-9aa4-4cb1-9f75-2dd42afdc435,Habitación,2,72,3,72,89,,,True,2026-08-05 15:26:00+00:00
1c05ab6c-6c1e-4935-9bb1-8be48c1e51a3,aa84ec69-e699-454e-9dfe-f878c8b81814,Hospital,3,416,5,97,71,,,True,2025-02-15 20:23:00+00:00
18ab11a3-f5b4-4099-86a6-88db9204805c,fb14e33d-42eb-4a70-b37f-f52b0e052010,Hospital,3,554,2,73,58,,,True,2026-04-29 03:32:00+00:00
3f4d7442-bea0-4f12-b988-81f37a96eb80,0df34136-f1b8-4b26-be11-5784d4225220,Hospital,3,585,5,13,30,colapso,,True,2025-02-15 18:17:00+00:00
ba54c542-caf0-4adc-a4f7-a8fb02fb4518,baf8df4d-d883-43c4-9949-c988b8b6b0cd,Recuerdo,6,480,0,15,23,sobredosis,,True,2025-10-03 17:27:00+00:00
e6cff5f5-4dd8-4bf2-8269-973d5848b80f,50727620-2694-4630-a90a-f82badb15c89,Calle Vacía,1,594,3,19,53,caidas,,True,2024-12-15 22:41:00+00:00
1bc23339-e9ff-4568-b195-647c5fee3afb,e3dadf2e-b86e-42b4-8397-a672b45915a1,Hospital,3,240,5,60,55,,,True,2026-07-21 16:52:00+00:00
18b00d93-963d-46ba-b95f-7c3f8240db9e,3279fc98-8b37-4445-808f-e7af4452f339,Habitación,2,261,5,60,95,,,True,2025-02-11 01:21:00+00:00
4e8160c8-62b9-40e5-b00c-0e00905cb2f8,11cdce7b-0e3c-4b5e-9081-6db9bc68a70f,Hospital,3,540,4,100,95,,,True,2026-03-15 19:58:00+00:00
6c3f6f2a-8a35-4cfe-9e9a-e66071b2804d,bc532ca7-855f-44fa-8fa5-6abcb12bcb68,Recuerdo,6,451,4,26,36,colapso,,True,2025-08-15 21:58:00+00:00
e273d781-56f6-44fa-a9df-1f5039700db3,7497cb5e-b149-4089-bfb1-26a63226f3e8,Calle Vacía,1,289,2,72,26,,,True,2024-12-14 02:43:00+00:00
04660718-6358-49b3-aa45-1189039e827c,98e4067e-7cf9-41f0-a40c-44c5f36d2b02,Callejón,4,79,4,6,59,colapso,,True,2026-08-03 17:27:00+00:00
f68a9921-6d9b-48d4-9bc4-6a063312e9c7,7536454d-f2a3-4603-a8d8-843cce3b2e46,Hospital,3,518,4,4,74,colapso,,True,2025-12-28 17:34:00+00:00
85048de6-8b9e-44fa-b059-2a3dc443de01,80bdeb26-9775-4f26-a9b6-597a9b97d4eb,Calle Vacía,1,296,1,81,48,,,True,2025-02-25 21:36:00+00:00
47f75396-26fc-4a93-a4f3-49c0864e32d1,0b5a2c57-480d-4f21-bd73-d22a99f1fa2e,Calle Vacía,1,108,5,91,22,,,True,2025-01-28 12:21:00+00:00
f3606759-8d71-441c-9acf-bd1707752d02,6d7dbf9f-5091-4a66-8ec8-6836b240ae9f,Refugio,5,254,0,14,65,colapso,,True,2025-08-24 12:20:00+00:00
09ca3218-22c5-4fbc-9c4e-5bf34344327f,3dd82cf3-cc5e-4065-a408-3473c8f216a9,Recuerdo,6,252,2,23,30,sobredosis,,True,2025-07-18 22:25:00+00:00
86b11721-2dc8-44b6-9bcb-f67ac3110250,5655ac11-eb7e-450d-b14a-08c1b598f66d,Habitación,2,143,3,3,42,colapso,,True,2026-01-27 20:52:00+00:00
6f0cd93e-476a-4cb3-afb7-26ead431c06a,db64b404-679d-4d5d-b13b-c9c22046dd8e,Calle Vacía,1,513,3,7,61,sobredosis,,True,2025-08-16 00:03:00+00:00
ad7ccd66-1114-4edf-80b7-173d58e8ce50,943b2131-37c3-4a01-82de-321d2e973f90,Callejón,4,257,5,9,48,enemigos,,True,2026-07-26 18:01:00+00:00
2ae46614-96c8-468a-82d9-ba58667a0e7e,ec11ee9d-b825-4a68-9398-2326ca18b603,Habitación,2,594,3,4,18,abstinencia,,True,2025-06-04 20:36:00+00:00
47945fda-a79e-405d-8c86-0d8e9eec9745,f4395e19-6b79-412a-a219-2e6d1c781bbe,Recuerdo,6,340,4,89,16,,,True,2025-08-10 01:19:00+00:00
a75a0bcc-3c11-45e8-ae39-64394bb66443,322d0149-6ea4-4aba-83f1-0ed10bd67755,Recuerdo,6,526,3,79,82,,,True,2026-07-03 01:02:00+00:00
e0f3a3d0-8340-480c-ba9f-b411cf594d36,efcf6f36-f423-4627-a71e-6ab07b5f0616,Calle Vacía,1,86,1,25,63,abstinencia,,True,2025-10-05 23:40:00+00:00
89756b20-fd3d-4e6a-91d6-bffbd7ab776d,48c6ed75-af1f-43ca-8951-022865b90980,Habitación,2,281,3,53,3,,,True,2025-02-07 19:33:00+00:00
158577ef-ea58-4596-affd-e915fe719244,e35d8d1e-d8af-47da-8534-9eb4e7c44752,Calle Vacía,1,493,0,77,33,,,True,2025-10-27 22:53:00+00:00
392f54e9-9c73-4c66-ab1c-b1337c609122,67ce8695-2986-4c83-823d-742bfd2c752e,Calle Vacía,1,109,3,71,88,,,True,2025-09-12 10:38:00+00:00
57a8835f-6bdf-4176-879b-1b4f3416c88f,893c0e5d-59b3-41cd-a9d3-4f0ec5d6ffe3,Recuerdo,6,397,4,72,39,,,True,2025-04-12 20:52:00+00:00
5141d6bd-511f-4820-ba8b-ea450229838d,30477261-da3e-4ae0-90fc-8308da3be7c0,Calle Vacía,1,190,2,69,12,,,True,2026-07-19 20:42:00+00:00
830fda69-24af-4bc8-8dc0-5186a5d264b9,de626803-79a7-4f0f-a346-40492dc4ce45,Callejón,4,318,2,11,97,colapso,,True,2025-10-15 04:08:00+00:00
4fd4a7b9-7878-4cf2-9980-ad8b4df9a98b,ba1e3d8a-2ba4-40c7-869b-ea89c0f6a3a3,Refugio,5,135,5,88,3,,,True,2026-08-05 22:24:00+00:00
fc546a54-6130-4f34-9895-b772256a5dd6,62009600-6321-484c-a1d9-057cfe7611b9,Callejón,4,471,4,17,49,caidas,,True,2026-04-11 11:47:00+00:00
5bf55062-c41f-4a3f-9ed7-bb18bf41a3dd,6ff1765f-70f1-4c51-ab6d-e21519666b70,Calle Vacía,1,96,3,76,70,,,True,2025-07-06 22:45:00+00:00
9e4dd446-e965-49db-ae59-40c2295e8656,0ee4be9c-353a-461d-b129-0844145da72d,Calle Vacía,1,550,3,1,7,caidas,,True,2025-10-05 23:37:00+00:00
1ec5c217-b019-4de5-bc17-4743cd534953,3e93f53c-0f62-4c34-af66-a67d8733bbbc,Calle Vacía,1,490,3,2,77,abstinencia,,True,2026-03-08 22:30:00+00:00
a1d9fd4d-3a9d-4fc2-8349-c1ac8659a287,33d15234-8f5b-4844-a8de-3bf91c7b7831,Callejón,4,509,0,55,87,,,True,2026-08-06 11:17:00+00:00
0c3baaec-e3e4-4670-a724-f4cd662e2acd,866af673-7daf-4dd7-9e7b-beb322160082,Habitación,2,599,3,58,7,,,True,2025-04-18 10:56:00+00:00
4ce929bf-f02a-4d95-a9eb-b8f4443bc89e,7886c434-3116-4156-aa9a-3f3fdee2fc12,Calle Vacía,1,463,0,13,16,sobredosis,,True,2025-11-21 20:12:00+00:00
a31d1998-2111-477f-ae2c-a832e1e4750c,8cddedcd-5b51-4bad-b33c-d82e50e3c5af,Calle Vacía,1,302,5,18,92,colapso,,True,2025-01-24 00:53:00+00:00
e6f58ec5-980b-4114-bbd8-4a630bc206a5,5cbb0385-223f-4c3d-97fd-3d14c5b682a0,Hospital,3,444,1,71,9,,,True,2026-06-07 16:35:00+00:00
26b50125-62fa-40c7-892b-65dab71ebeaf,aa73907d-3446-4f76-b9a3-c181117a021e,Calle Vacía,1,357,0,53,99,,,True,2026-05-02 17:56:00+00:00
47a3591d-cd0b-4bcb-8ce5-8e42dbf3576e,c450597a-92e5-4900-827a-91e6e38fcf51,Habitación,2,127,0,3,45,caidas,,True,2025-12-26 22:22:00+00:00
12c5a547-1054-4451-aae2-0e237d0bcd7b,2d43abbf-6110-40f3-8d1d-94d7dd14e7fe,Hospital,3,545,2,19,90,enemigos,,True,2025-10-21 15:58:00+00:00
677bb324-e977-4b1c-a9b4-ac99cb2cf5fa,cee0fe79-391c-471f-949a-0552ea127c76,Habitación,2,540,5,22,10,caidas,,True,2025-11-06 22:07:00+00:00
87c38774-6930-4c5c-97e8-71c6983823d3,caf778d7-a212-4c36-8522-8cc74673c01c,Habitación,2,295,3,28,87,caidas,,True,2026-06-28 18:26:00+00:00
fd85e5da-b713-4fef-811f-b88e05e98181,711032cf-ab55-4648-9a77-0ad6bc668ba5,Callejón,4,462,4,26,40,colapso,,True,2025-09-26 14:55:00+00:00
f35d4c7c-bb73-407d-9d0d-0a2a7b978583,36cc0025-330e-4172-8b8b-7e872e6193af,Hospital,3,322,4,8,78,abstinencia,,True,2025-06-14 01:08:00+00:00
282d978b-b1db-4de7-972a-e765df69fc80,eb277454-d887-4ce4-8fae-671d13dc64df,Callejón,4,237,3,68,67,,,True,2025-08-30 21:00:00+00:00
f2c4d923-ebc3-44d0-9893-47e009ad4dca,c9f1638f-e146-4524-b25d-85548d7f617b,Calle Vacía,1,137,2,24,99,caidas,,True,2025-08-04 23:43:00+00:00
4d47402a-3011-490b-a63e-fa55616374aa,3216e301-abfc-4596-a694-b7ea211fc96d,Recuerdo,6,100,0,12,31,sobredosis,,True,2025-01-08 23:43:00+00:00
9db1c5a7-f203-4dc3-834a-4d3a6e475c02,c741e33f-968f-4a1d-aa41-c2928e520d81,Calle Vacía,1,140,0,1,46,colapso,,True,2025-04-11 18:07:00+00:00
00a287c5-f2f7-4ada-93fa-c1e473b6d9fa,7d9a3e32-ce5c-4c3a-883f-061d8ee827c8,Habitación,2,331,3,63,67,,,True,2025-04-24 18:30:00+00:00
53c86ab8-d6d3-47d7-95a9-6bc457179457,ca880ffb-6061-4ac6-a0d4-09408cb6a586,Hospital,3,409,1,98,95,,,True,2026-04-06 19:01:00+00:00
7d447a5b-22df-456a-b24f-9de1353ca581,4b05ea7b-f895-4ad0-9a24-0ec795b780a8,Habitación,2,589,4,56,46,,,True,2026-06-04 19:49:00+00:00
e222b06d-2750-4c26-8aac-970b6f52ee14,6e5a8797-ad49-40ea-9b48-1d54be4e8dc4,Calle Vacía,1,414,5,1,73,enemigos,,True,2026-04-26 20:19:00+00:00
feb9bff7-9261-4158-a4b3-8f832866566c,19b80725-febb-4f28-b656-8f751f2bcafc,Hospital,3,123,1,13,53,sobredosis,,True,2025-10-31 22:06:00+00:00
98dd0c81-a290-4059-a474-8c4c3928f55e,d004fbd2-fccf-4d9e-8650-635f8d2aeb44,Hospital,3,329,5,84,9,,,True,2025-05-19 21:30:00+00:00
a1bdad38-4c87-4a95-aee8-c13a2fa9a7c4,7a5fce36-febd-4734-9865-ecf8ce7e52c1,Refugio,5,112,5,94,89,,,True,2026-02-12 11:35:00+00:00
16ad8de6-b8dd-4f2b-8c75-6726eddf04ef,c64ae676-6ad2-4132-aa68-cfaf7f097833,Habitación,2,323,1,23,28,sobredosis,,True,2026-01-24 21:12:00+00:00
2e62ed93-d009-4b53-9a01-d2dcec71e850,77da2864-cd1e-41cd-b673-6ec6532aab3c,Recuerdo,6,172,4,90,70,,,True,2025-09-08 16:23:00+00:00
4bd1b38c-28fd-464a-a7e3-2664de9d5bb1,737dccc3-eeb4-4abf-8d9e-3efe3ab55bf6,Refugio,5,373,2,4,11,sobredosis,,True,2026-05-31 02:22:00+00:00
e1aecabf-3052-432c-a9ee-ea5727c8c362,ee56d2dd-9e28-4943-9238-37d29524a4ef,Hospital,3,207,4,23,78,enemigos,,True,2026-02-07 01:40:00+00:00
7b305427-5838-49e0-b1bc-eb7546e594b9,0e135e87-e386-4a7f-9b84-e355bde3803c,Callejón,4,480,2,5,85,abstinencia,,True,2026-06-07 23:47:00+00:00
14ccdba8-77ee-423d-80b9-639effc07d24,0d5e8316-508c-417e-a5fe-f3c98109b7e0,Hospital,3,579,4,28,97,enemigos,,True,2026-07-24 11:56:00+00:00
640849ff-e543-483d-a066-0ccb52450710,4426f72e-631b-4a76-a045-49fa3a904cc7,Hospital,3,525,1,23,72,enemigos,,True,2025-02-16 17:12:00+00:00
b8e70699-bd2b-49bc-ac37-9f0ee40a7585,43940825-98ad-4f95-b21e-34167a1b6575,Calle Vacía,1,86,5,22,5,enemigos,,True,2025-10-26 16:10:00+00:00
57c7b16c-ba14-407b-b329-aaf8ae89d4c2,e822b42f-9b6b-4900-bdbb-2b15df8e3891,Calle Vacía,1,483,0,98,49,,,True,2025-07-03 23:20:00+00:00
cfb8052c-2b42-46f9-ae58-b392f543716f,ab2fcf40-0c3d-4060-b59b-10735b2eb8b4,Calle Vacía,1,251,0,6,98,caidas,,True,2025-01-03 12:59:00+00:00
05d6c6f2-8063-4182-8019-5145821f5af6,8fadef14-2fa6-41a9-b394-74917d597bc9,Calle Vacía,1,597,5,17,34,caidas,,True,2026-08-03 15:46:00+00:00
e536c2b7-a6b9-4d24-ad3c-857aa2ee73f2,f45a5574-93e4-46d2-be52-50064a90f85f,Habitación,2,192,5,10,7,sobredosis,,True,2025-08-25 10:58:00+00:00
8b84fe25-2dbe-4ce3-a9ef-76c1b5aaae41,f39b4f2d-7aa4-4749-aa3d-631eecae6df3,Calle Vacía,1,439,1,61,73,,,True,2026-08-01 15:11:00+00:00
4a12c47f-85de-46ac-a271-9ed0609729b2,e33b30ed-7da4-41c9-ab31-1a8c1f2412eb,Habitación,2,331,3,74,38,,,True,2024-04-18 11:54:00+00:00
28f1a13b-2907-4fb5-9664-927a121c5c0d,1631ca44-13c0-436c-aa5c-4092a4981a62,Calle Vacía,1,534,1,76,90,,,True,2026-06-04 02:28:00+00:00
d013151a-513a-4f1a-940b-daf1a98e8038,8e00bbf3-b925-4b49-955a-74477998980c,Recuerdo,6,264,4,100,0,,,True,2025-01-11 20:27:00+00:00
f2c1064b-8b40-4a3a-92d9-bb2b8975be1f,0dc5196c-1e34-4e29-b20d-525428b4f005,Hospital,3,543,0,20,97,colapso,,True,2025-11-30 12:06:00+00:00
db8d84a2-f301-4135-a7d1-0996315f2fd6,d101b65c-4adf-475e-86b9-b183ab051f53,Calle Vacía,1,82,0,12,69,colapso,,True,2026-08-04 16:43:00+00:00
d93f4ff0-23c0-4cfb-ba45-8d6172e1bc84,ce0175b5-e2da-48ab-ba90-7ca75df93fe0,Habitación,2,179,1,26,80,abstinencia,,True,2025-05-25 16:01:00+00:00
024d160e-94a1-40dd-8e6e-c9d875b810b0,761dba3b-6afd-4297-aecd-16843bb40476,Calle Vacía,1,514,3,20,45,colapso,,True,2025-08-23 09:36:00+00:00
4f9d24b2-0476-40f4-b905-aea91a1330c6,efb96118-cc00-4ee1-9bdb-12b492e2c0a7,Calle Vacía,1,247,1,47,20,,,True,2026-08-01 17:27:00+00:00
bffffb03-7ff0-41c4-88e3-527deda357e0,0211f792-a45b-4600-bc02-8598845ddf38,Calle Vacía,1,193,0,67,84,,,True,2026-04-17 22:25:00+00:00
9f63f6d1-99ca-42c9-a755-dd768d575ec4,c85a292d-f160-4e37-8478-6beaad2c6a49,Recuerdo,6,329,1,29,58,caidas,,True,2026-03-09 22:54:00+00:00
4427dda8-53ea-434a-a4dd-3533cdd80ab0,e3d32d9d-4b49-40c5-9dfb-ae296fdfcceb,Refugio,5,277,4,16,52,sobredosis,,True,2026-04-11 11:48:00+00:00
453df5ae-5de2-4ebd-b51a-bf7ec1d5c8d1,86a3ccbd-9b6c-4757-baf3-17b89874308f,Refugio,5,415,2,3,93,abstinencia,,True,2026-02-14 23:47:00+00:00
f5aea4d2-bc87-4e24-9391-8e26359455f1,8fd83dee-ed8d-4687-a373-a50650d7c8e5,Habitación,2,435,2,24,47,colapso,,True,2024-12-08 02:32:00+00:00
a3b126a4-3225-4a5f-b0bf-3ecd41fcf768,c01f531d-5b08-4e6b-9019-afcfa553ec9e,Recuerdo,6,77,2,17,85,colapso,,True,2026-02-13 21:39:00+00:00
81a1aa18-05c2-4b6d-8a1b-9727bc3bd0cf,e0e16143-dff3-4de0-80a0-ef6463ba5078,Hospital,3,526,2,61,14,,,True,2025-10-13 02:40:00+00:00
5f8c4023-6de1-4a18-8142-8ea98a5bcc2d,73a37fca-ecfd-48a2-aa88-4441836f1aa5,Refugio,5,216,4,7,21,sobredosis,,True,2025-09-04 02:30:00+00:00
56e9d5f4-f2b6-4f51-95c4-e4ef5fbe3632,a4238c16-38ab-4dca-b3f3-587a7e699c8c,Hospital,3,502,3,4,71,sobredosis,,True,2025-11-22 09:29:00+00:00
02d57e29-8a8f-41fb-a946-4747fc353c58,a268af93-61a5-446a-bc04-a269a1f4114c,Hospital,3,393,4,1,93,abstinencia,,True,2025-04-14 23:18:00+00:00
e524d7c5-9e9f-4c94-be7b-bb1040c81321,494e7029-4a59-42ec-ac60-9dbc344e85da,Hospital,3,65,3,18,69,caidas,,True,2025-10-17 19:50:00+00:00
4a119228-0fe7-42a6-b880-8f127b3b59d4,a1be0603-c378-4390-9c59-bd49652426b0,Hospital,3,569,2,55,85,,,True,2025-07-06 22:37:00+00:00
fffccede-ca00-430b-9d8e-12d9dab5a8da,2bb0bead-cdc6-43b2-8150-e2381ff0d524,Habitación,2,165,2,22,33,colapso,,True,2025-11-19 01:27:00+00:00
985e365a-e56c-40a9-995d-9d1b3fcbcd63,b0cc12fb-426c-4e68-9f71-b676e75e87a6,Calle Vacía,1,468,5,69,55,,,True,2026-04-16 10:39:00+00:00
465690ea-e8a3-4dfe-99b3-bdc4e7b33d34,3780ee71-2fd0-405f-a782-06ddb2768342,Calle Vacía,1,579,0,60,51,,,True,2025-12-16 21:19:00+00:00
aac03f85-6466-49cc-9d6b-187333f84fe3,12e9562e-fd53-4ca9-9672-9d4db0de8471,Calle Vacía,1,217,4,99,42,,,True,2026-06-26 15:27:00+00:00
af0868d0-9ff0-4548-8234-dbb590919fe5,008f7092-13fd-4511-b68b-729173404175,Recuerdo,6,400,4,52,80,,,True,2026-07-29 02:21:00+00:00
6a7d06a3-3e9b-4726-8d15-9db31c485df3,52d5f588-9fbd-4ded-95b9-258ee7720f2e,Habitación,2,566,2,19,11,colapso,,True,2025-12-30 01:18:00+00:00
8260a397-88ea-46fb-9c98-56d1f6c5a710,02bbcda8-f8f6-47e6-af31-dc66a48436d2,Callejón,4,167,4,5,21,colapso,,True,2026-07-26 21:04:00+00:00
9b95e409-cdb2-4e60-9c1e-438bdac7caff,6213029d-2075-491b-8ffc-643d4706cf84,Calle Vacía,1,184,3,27,48,colapso,,True,2025-02-01 12:06:00+00:00
359429f5-f3ee-416b-a8f5-684814a17ce3,f6eb4b46-c902-4491-bac3-d8eeff4b0034,Recuerdo,6,64,4,64,54,,,True,2025-09-10 04:01:00+00:00
4a58d645-191f-41d1-b8ee-ab87b692d524,42b91953-9186-418a-81d8-2a7081b78c90,Recuerdo,6,544,3,13,48,abstinencia,,True,2026-01-30 21:13:00+00:00
977742a1-1aa2-4d30-8d16-0af53d39a1aa,704ccd83-f4ef-46e2-8a55-d4ed47c453f9,Habitación,2,483,3,52,70,,,True,2026-02-27 21:50:00+00:00
73714654-4e56-44d5-869a-98c8eae79d73,b2750a6c-3d34-41df-9be0-12e08376207a,Calle Vacía,1,147,2,1,40,colapso,,True,2025-11-07 16:26:00+00:00
487dfaca-161e-4d17-814e-22437054c430,80cbd44b-05a8-42f9-97c0-79df555f2434,Recuerdo,6,193,4,100,69,,,True,2026-08-04 00:31:00+00:00
d32b4148-cd43-446c-ae85-67e07510ece0,6863013a-c216-4d97-860c-bb80509e45a6,Refugio,5,151,4,8,32,abstinencia,,True,2026-03-09 12:06:00+00:00
ccdc68f4-153f-4570-8f18-481927d0f2d6,5a7cc093-0f74-4393-ab71-d58579779963,Habitación,2,440,0,62,38,,,True,2025-04-07 13:31:00+00:00
43e148a4-4be0-4b23-b80d-fd6d7e1da095,9b3a2155-a7a8-4e46-b3b0-46bb2f660cb9,Calle Vacía,1,150,4,0,24,abstinencia,,True,2025-11-21 13:06:00+00:00
c35fb39b-03d6-4fa3-84f7-8ebcbf833c16,a6955843-3d29-4c2c-9deb-5170aa60e282,Habitación,2,200,4,21,49,enemigos,,True,2026-06-13 15:14:00+00:00
3d9a1827-efe4-4d18-b3ab-66a6e7ab9638,b12e0d09-efb0-4c88-8d89-eb75dbfd48c6,Calle Vacía,1,407,1,41,72,,,True,2026-06-20 22:05:00+00:00
b3ccb7f0-826c-4675-b27d-2c8d6f78ce5d,90bc7f44-d888-4d6f-b96d-9f8a30d3b7fa,Refugio,5,376,2,2,25,enemigos,,True,2024-11-15 16:38:00+00:00
038ab04a-df9a-4039-ab02-35af18a7c4bb,1f787836-07bb-4c26-bbce-806b2c11da8d,Hospital,3,367,5,95,47,,,True,2025-12-16 01:56:00+00:00
70c26dcc-6d20-45b4-84e4-10a3737896f8,9dc28a3c-6e7b-4327-a0dd-c3223a5b25ff,Calle Vacía,1,104,3,13,15,colapso,,True,2025-10-11 22:51:00+00:00
332355a7-df15-43eb-ab42-a15617eb963a,6fe657fc-6929-4393-a8c4-6f717f018bb7,Habitación,2,424,5,80,18,,,True,2026-08-04 20:07:00+00:00
355d4a95-c3db-46b4-895e-368000a5684e,8e12b6b2-27a4-43d3-bb98-7ff377c000d5,Calle Vacía,1,424,2,51,84,,,True,2026-01-08 11:49:00+00:00
d680682c-98dc-4646-a548-8f771614a7ea,1da8ceb6-136e-4036-9372-d0f04b5b5e21,Refugio,5,220,2,3,84,abstinencia,,True,2025-11-23 00:30:00+00:00
2d7f4d6f-483e-46c3-85db-75eea9948e9f,88130431-5f71-4e43-a223-680c2ec5e701,Habitación,2,512,1,92,9,,,True,2026-07-04 21:26:00+00:00
0d1a6689-4c7f-4263-8a68-1ce9ba178d78,d697a757-6b69-4e8c-bdc4-999c2d815b14,Calle Vacía,1,362,4,61,9,,,True,2025-02-09 22:01:00+00:00
23b635d1-0352-4e4a-b68f-a00dc959d85b,4de0df52-ce4f-4de8-8a48-f20a6d9d2c7d,Recuerdo,6,504,2,63,6,,,True,2025-06-05 15:32:00+00:00
eaa12dc9-5a88-4f43-bef8-26da7c518a15,1b3a9941-db68-424d-9c8f-4ea005129121,Habitación,2,228,1,29,85,colapso,,True,2026-08-07 00:40:00+00:00
0effe4e4-028a-402a-98be-5dfb728e9a8a,fd6f6a92-f63c-442a-b1f4-deec1a50c115,Callejón,4,215,5,42,77,,,True,2025-09-12 20:21:00+00:00
f857c40c-32f8-4962-90d9-0244b995caa7,d38260b9-7432-4095-b08d-367d18080b4a,Calle Vacía,1,89,3,3,64,abstinencia,,True,2025-03-04 13:20:00+00:00
e2ad89c2-c1e9-4a6b-aaf8-dda249ce3f38,375cdb5f-7376-4947-807d-65dc92feda3b,Habitación,2,591,2,75,23,,,True,2026-02-13 23:07:00+00:00
385d99d9-47db-4b4b-9369-eb4c4b8abaf9,3a743a59-67c1-4530-9eb7-05b135ed48d5,Calle Vacía,1,346,1,26,15,caidas,,True,2026-06-01 01:56:00+00:00
6213ecb6-e24c-48f0-ba45-6e28cb02841c,318135ad-bde7-4c37-a2ea-954b08c4a39f,Habitación,2,154,1,0,49,enemigos,,True,2024-12-13 19:59:00+00:00
f7b184dc-89b2-419c-8f8c-95f5c7484203,10dd8bd3-73f3-4b9d-b3b3-fdf05c6485e5,Calle Vacía,1,149,2,42,8,,,True,2026-04-25 15:56:00+00:00
a31995d7-b4ac-4da7-9939-234289a64495,dea3366d-3b6b-4b7d-8242-5a8e4d7a4b58,Calle Vacía,1,585,1,26,57,enemigos,,True,2025-03-03 18:53:00+00:00
5a601c0b-c150-4731-aa68-1e8d51ab44b0,955b2db4-876b-4f5f-b3ee-32a17f21a93f,Habitación,2,447,5,96,49,,,True,2026-03-11 13:33:00+00:00
a60f8a4e-76ba-4009-9557-e0a6deedec2a,3fe5add6-165c-489e-8495-bf737e9ed32c,Habitación,2,562,0,76,87,,,True,2025-11-12 18:47:00+00:00
f9e0ba93-4f5b-4944-aa0a-3e1b1ac343b2,9ab9a0ae-2c8b-46dd-b081-4693fe4d8244,Habitación,2,264,5,2,44,enemigos,,True,2025-02-07 18:20:00+00:00
96d92295-704c-4cfc-8df0-0e6e9c84a737,85449e07-3410-4653-9d54-10697e0f0e88,Habitación,2,174,0,94,61,,,True,2026-02-06 20:13:00+00:00
69556694-be27-4903-9757-2ef4450927af,901f1c69-3825-4605-9988-97d97c15c2fc,Calle Vacía,1,477,2,21,50,abstinencia,,True,2024-06-28 17:11:00+00:00
1968aa12-fe24-4549-84cf-2987f95e62ce,683f40d6-bb5b-401e-9477-ce1ee4a39281,Calle Vacía,1,414,0,15,78,abstinencia,,True,2026-04-08 22:42:00+00:00
22d72042-aa7b-494a-9b66-2987fa00d8cf,eecc4ba0-b525-451b-aeae-f46353de3d87,Calle Vacía,1,248,3,70,91,,,True,2025-05-13 21:13:00+00:00
cf7d007e-919b-4eb5-bba7-1ae5f6669c47,26cae803-4242-4952-9934-c520555efdf0,Calle Vacía,1,246,2,29,72,colapso,,True,2025-10-31 22:02:00+00:00
3bd77903-d64d-47d1-9d86-60699e665ed9,b7dda41d-8b86-4304-8c6c-62653d992239,Habitación,2,261,5,21,30,abstinencia,,True,2025-01-19 21:03:00+00:00
e2f419d5-daab-4d3f-a8ff-86a04b6b4739,e49b2b97-9557-48c2-bb54-43194dccb4ad,Habitación,2,470,0,18,10,caidas,,True,2026-03-06 17:44:00+00:00
7c1eb1cf-faee-4ffc-95ee-bbf313a837b0,ece2e98c-fff5-4101-88b6-8b7328e0ce7d,Calle Vacía,1,474,5,22,50,colapso,,True,2026-06-03 23:39:00+00:00
c8e53fb9-57e8-4d06-bbe6-3a09fcf42b78,6164549e-c74f-44dc-90d7-71165380a041,Habitación,2,78,3,20,29,sobredosis,,True,2026-06-07 13:04:00+00:00
f74bbd36-5dc8-4a18-b803-56734b0a34be,0b3cd1c4-e002-4e0b-9dbd-e53653853f2d,Calle Vacía,1,302,3,87,45,,,True,2025-08-15 15:35:00+00:00
baea03ca-f69f-42df-a5b9-2352f1139939,5ea83223-4acb-4ad5-9314-3ffbc2e5ccab,Calle Vacía,1,293,4,1,62,caidas,,True,2025-10-16 21:17:00+00:00
ea0d27c5-1a09-4dc9-a8f2-49983b2d9194,5ef3db6f-8d3a-4173-a53c-00e29e8e81de,Callejón,4,584,2,21,0,caidas,,True,2026-05-27 16:39:00+00:00
166acc1c-5e16-4c90-9774-8c238b996fc1,e03ddb87-0859-466e-9686-638ad6e3d992,Calle Vacía,1,205,2,68,74,,,True,2026-01-02 02:02:00+00:00
72a1324c-b50e-4f20-acd1-692ef439e8fa,62f2959f-2bc9-4ff0-8d4f-083634841626,Calle Vacía,1,282,2,8,26,enemigos,,True,2025-04-21 00:29:00+00:00
6d727690-081d-431b-b0fa-aab678cc4dd0,689e2042-23d4-42e5-be3c-96d4c17a871b,Habitación,2,372,3,90,49,,,True,2025-11-03 22:08:00+00:00
b521c2fd-29e0-44a0-b918-6d0722bf70b8,5894f1a3-c64a-4eb5-94d8-680e355a117e,Calle Vacía,1,593,3,18,70,abstinencia,,True,2025-05-26 00:31:00+00:00
e76216c9-1436-4a6a-b733-61b8c391b17f,36d480d4-5e0f-4aba-80ad-6c5d729ad090,Calle Vacía,1,373,0,49,28,,,True,2025-06-27 21:08:00+00:00
61b6a609-253a-42e4-9fc7-c33ec69071c5,45a5a59c-2da1-44bf-b068-efb4525bfc92,Refugio,5,189,2,10,33,colapso,,True,2025-10-07 23:22:00+00:00
eeb33680-d23e-4742-bf91-9bd6907a38cb,c3f7bb6d-550f-4ae6-8bac-ef76bd851483,Calle Vacía,1,293,2,77,4,,,True,2025-11-08 00:18:00+00:00
8d11f125-5660-4b29-8070-e859b9512539,8fe77f80-9f21-4b0f-8754-89faa14af57f,Recuerdo,6,304,5,16,25,sobredosis,,True,2026-01-19 18:09:00+00:00
64aa0846-3cfa-4708-aee9-5fd5f7937ab5,77a070b3-1f84-40e0-ba97-a19c879c4f61,Callejón,4,512,5,93,41,,,True,2025-01-20 19:25:00+00:00
82f3f31e-2042-49c9-b619-a389f5ae594e,f156fb88-a851-43f2-9664-f6a1cc836d72,Habitación,2,532,3,58,59,,,True,2025-06-04 22:58:00+00:00
837f1eed-62bf-4d8f-b429-8905db69449c,a3230b4a-5eca-40d9-9d09-7a9efcb1037d,Habitación,2,569,4,15,12,sobredosis,,True,2026-01-19 20:22:00+00:00
1a95ba73-0497-43e2-ae19-234505b1f369,84efa84a-bc9d-461e-9314-b99c40a655be,Habitación,2,267,1,23,36,colapso,,True,2026-08-01 22:18:00+00:00
44877a05-b24d-4734-968c-7804326ae40f,599548ef-6fbe-43de-93a7-23cc4adc27b4,Recuerdo,6,367,2,70,51,,,True,2025-05-11 00:25:00+00:00
4fe221b4-5318-4b51-b661-ebbd38c83b53,dacbc17f-7851-4ddb-a4a2-634032d15270,Calle Vacía,1,172,0,42,59,,,True,2026-03-05 20:36:00+00:00
33e421f7-b9e0-45d4-9f74-dbe05ecd15a7,3d5b1d80-3140-46b7-a73e-ca0cf7c20c7f,Recuerdo,6,588,2,62,9,,,True,2025-09-03 16:54:00+00:00
c8571060-8239-487d-b3a9-046436bd8c73,39cb63aa-9ebc-48e3-a5b9-17ef9dd1d325,Calle Vacía,1,301,1,67,70,,,True,2026-03-31 02:11:00+00:00
d0fdc793-acd0-4afe-bd4a-42d0d21c0df0,f25f21da-f749-4d2f-abdb-a6344463a6a9,Hospital,3,249,1,86,82,,,True,2025-11-18 21:16:00+00:00
bd9dfce5-d5cb-46ff-9f8c-f68d96cfcb6a,4d02763f-48cb-4591-a19c-225c13ab90b3,Calle Vacía,1,330,2,1,0,caidas,,True,2026-08-04 00:30:00+00:00
9bad8746-fa89-4431-b744-bed8796098a8,30f71b5f-daf4-45ee-be30-b853f6127584,Calle Vacía,1,232,0,88,4,,,True,2026-01-31 11:48:00+00:00
f993c724-1fb9-4d82-b42b-3af9b8b3ec78,0a907265-6237-493b-9d3c-41cdafd732ac,Recuerdo,6,569,3,60,96,,,True,2025-01-01 17:59:00+00:00
48b05ce8-eaf1-43b6-8b1c-c982d9aa84f5,7d49df9d-596f-4074-a8de-47ca02570c2e,Calle Vacía,1,334,3,11,35,colapso,,True,2025-07-23 22:22:00+00:00
8846c4f9-98f2-4c6f-88e4-5f59ab533c82,847e6e0f-b9ec-4568-a9ae-e7db48597a61,Calle Vacía,1,79,3,3,49,colapso,,True,2025-05-25 21:06:00+00:00
4e0db1b0-b596-49e5-83f8-e284530a8eb0,23339e46-3481-4508-ae01-90810b753b7c,Hospital,3,359,3,28,72,colapso,,True,2025-04-27 16:40:00+00:00
895f42cc-fa95-4dcc-9b26-b5cb63cea4a2,11fba15f-78a2-4f95-a28b-c61a4cf4226c,Calle Vacía,1,400,0,68,79,,,True,2025-11-25 11:27:00+00:00
69f2ee4e-0a9c-4549-a250-56f1fbcc6ba4,77d30bc2-d1ea-48de-bef2-5d71a4048d39,Hospital,3,133,2,7,87,caidas,,True,2026-08-05 22:21:00+00:00
8b010cd9-eec8-40c4-9630-0c081bba546d,bd4f1c8e-763e-4a68-aa2d-df5eed43a19e,Habitación,2,534,3,24,22,caidas,,True,2025-08-21 18:25:00+00:00
934541bc-a637-4826-b53a-dedcace30c6c,3b18c8c8-a229-47eb-8e1a-939f8b8a1e12,Habitación,2,175,3,53,19,,,True,2025-04-15 04:17:00+00:00
b82053f7-a55a-4384-a474-f1939ba0102c,8ebfedf8-d2ae-4e12-86fb-30eb2b1878b6,Refugio,5,299,1,4,80,colapso,,True,2026-05-08 12:34:00+00:00
6124e35e-cf4e-41a8-8f34-a7e40cc930f9,281b7b8d-bdac-47a5-9e6a-a388c2e0242b,Hospital,3,305,2,1,70,colapso,,True,2024-06-08 14:43:00+00:00
6d69f03b-437a-40d3-9b0c-edf45a9e6de8,09faae81-c3f4-43c8-8be9-05f35d812d50,Calle Vacía,1,575,5,5,27,abstinencia,,True,2025-10-19 20:06:00+00:00
99d4a7a7-1bf0-4673-afeb-4b379b2d74de,ed0e0391-f82c-45b4-b51d-12fd37f4509f,Callejón,4,126,1,92,63,,,True,2026-07-03 20:49:00+00:00
9556b85d-23a4-462d-b025-dbc7479c6d3f,c595d489-6873-4034-bbcf-227373463ad5,Hospital,3,209,4,12,49,sobredosis,,True,2026-01-13 23:15:00+00:00
9b65d58f-a610-4d3b-905f-79919f487019,2fc96bd8-b014-47c4-8f7d-8eebca86cacd,Habitación,2,231,2,10,32,caidas,,True,2024-11-19 21:37:00+00:00
eb53da17-d0c3-4bf9-a330-892ac8965101,8c68a716-7a8c-4dd5-975d-ab187323e9da,Calle Vacía,1,77,3,13,4,sobredosis,,True,2026-07-25 21:13:00+00:00
3f4beeea-5ce8-42d3-8385-7adcd52d45f9,3326f776-d703-4bae-9889-b0f8d6d86e3e,Recuerdo,6,262,5,66,53,,,True,2025-04-12 20:49:00+00:00
ffafdc31-6e28-40bf-82f7-ee1a9abf36fb,ca6e8d21-0886-45dd-bfa0-c3ea27159b6b,Habitación,2,483,5,24,36,sobredosis,,True,2026-03-23 11:42:00+00:00
943d626b-0cf8-445d-9b21-1a80b2b4616f,05b88465-17e1-4f76-9547-15ff94a7072e,Calle Vacía,1,164,4,26,31,caidas,,True,2025-05-03 21:14:00+00:00
27ba8911-91e3-48e8-b2cb-59fb36be26f8,e9cfcbea-8c8e-4835-920b-78f1a9a4df31,Calle Vacía,1,296,1,28,12,sobredosis,,True,2025-08-27 12:01:00+00:00
a8bcbfa9-b706-4ffa-9670-80c1c13c56a7,d0a66834-6a53-4d24-9195-6170aa8293c5,Recuerdo,6,91,2,29,77,sobredosis,,True,2026-03-27 20:15:00+00:00
76fbdac3-aa9d-456c-ad53-c6f4c101bd3f,5f30759e-a1d1-4665-8c25-456384068557,Habitación,2,227,4,40,5,,,True,2026-05-29 03:36:00+00:00
f8a32dad-f138-488e-ac5a-83d3e562f14e,e99d01f8-7ef4-4fd5-8069-c4efc43ac11c,Hospital,3,255,5,43,47,,,True,2025-06-07 02:14:00+00:00
c917e1e7-13e3-4eb6-ad2d-c312372585ce,9449effa-ee6d-49af-a8f2-29e98b0901a3,Recuerdo,6,572,4,14,41,abstinencia,,True,2025-04-22 23:02:00+00:00
807fd423-b183-4321-aa10-176f5a46723d,26fa6729-779d-4801-8848-89d5e9a25f67,Calle Vacía,1,532,2,11,10,enemigos,,True,2026-03-29 21:26:00+00:00
b18ebcc0-d0e9-4a3b-91d9-9eeffaf81eaa,bbd8a5d8-7b43-41fe-9fc0-8e0c3423a070,Hospital,3,480,0,29,90,enemigos,,True,2026-05-18 01:16:00+00:00
37add752-577e-44ba-8eb9-c72451d4d45b,a8be669a-f724-4264-b5ea-f3361aa485e9,Calle Vacía,1,179,5,27,94,enemigos,,True,2026-05-13 15:55:00+00:00
dec9cbc5-7910-46be-89a5-53a567ffe875,9068b983-0108-4ad9-b814-b544df79a951,Habitación,2,99,3,7,39,enemigos,,True,2026-02-14 20:17:00+00:00
ff2888b6-f198-4715-9590-fb069e2aede7,15e851ed-3f59-4add-9c4f-6926ca564e5e,Hospital,3,501,0,12,10,caidas,,True,2025-12-04 12:24:00+00:00
93668af8-20bc-4b3d-b441-b941e0baf30c,7fc7b594-7709-4684-a23f-60b57d2a4f25,Calle Vacía,1,246,5,14,28,sobredosis,,True,2025-08-30 19:22:00+00:00
015a5a16-6169-4008-84d0-b429f8b9d299,1175efb3-3980-4f9f-84ce-b48ca1df3745,Calle Vacía,1,226,1,64,56,,,True,2026-02-04 21:32:00+00:00
21ae3c93-7670-484c-ab7f-f29ede14f4b1,a0966382-687c-43f0-a3cb-7b57fbd685a5,Habitación,2,584,3,98,4,,,True,2025-11-07 01:45:00+00:00
3ca3d910-8c59-4d98-8f7e-e92f4c42091e,6417d710-3073-4c1c-87d3-617c90a085fe,Habitación,2,464,0,47,44,,,True,2025-09-15 15:07:00+00:00
80f6ccfe-9cd3-4baf-b290-fe43bcd490c0,8a108c30-cd42-4bc7-933a-57adda553ab9,Habitación,2,310,5,1,62,enemigos,,True,2026-03-23 23:57:00+00:00
6ee75d16-76e3-469f-a998-1b1557ba3832,919065e9-5564-4c7e-a909-b66a8f05c304,Calle Vacía,1,420,3,16,38,abstinencia,,True,2025-12-22 22:43:00+00:00
3677a40b-d1b2-40dd-92d8-3b1a481b3d57,8b5d3e53-0236-489e-bf0e-258bc1597475,Callejón,4,155,2,25,26,caidas,,True,2025-04-01 19:59:00+00:00
e7f64439-9dbb-42ab-9126-b5c6009f4040,80c2b01a-4492-4093-bc65-b95274db693c,Calle Vacía,1,211,5,13,10,sobredosis,,True,2026-02-08 20:04:00+00:00
9123d2b0-364a-419f-b34d-49a825f4d134,5aea57dc-194a-488c-aff3-b8297a278b2d,Calle Vacía,1,151,4,90,75,,,True,2025-07-29 23:22:00+00:00
c000120c-4ed8-4275-a6f0-d59d88eb6303,ef42487f-ba1d-4111-8bb4-d468066ad8e1,Callejón,4,215,3,87,58,,,True,2024-10-20 18:59:00+00:00
3dd89fa4-f4c4-428c-aa96-22dda92df660,997f07a4-e199-4bec-935d-aef47f2f90e2,Calle Vacía,1,264,4,67,5,,,True,2024-07-23 17:50:00+00:00
7197e87d-aa01-4cbc-8a7d-be885b31fb65,df1956db-0a74-4a03-ad32-da0149da7558,Callejón,4,123,0,27,90,caidas,,True,2026-03-30 00:18:00+00:00
35ab966a-f0a6-4693-a39d-b523903ea1d9,ffd3956a-8dd9-4425-8ec5-df535eae613d,Calle Vacía,1,437,3,12,1,enemigos,,True,2025-01-08 20:30:00+00:00
b8dc6a98-7803-4ed1-be6c-187464730f2a,83c1452f-e275-44fa-ace1-a55f5f50b218,Hospital,3,146,3,3,21,colapso,,True,2026-02-07 17:43:00+00:00
69e2851e-49ce-456b-8f42-a642dee5976d,e0f51866-8550-4731-b6ae-38a3c85544a0,Calle Vacía,1,355,2,67,42,,,True,2026-08-01 21:14:00+00:00
a559c3be-e898-4fd4-a9b2-6fcb66295a71,a8339bbc-17fa-4b31-8a1e-5dcdc7bf9257,Habitación,2,491,4,2,67,sobredosis,,True,2025-05-29 19:25:00+00:00
e1fe47b8-866f-4970-b9f4-e11ce8b7101a,7e554759-9efc-4d4b-b1cb-b0407b3dff12,Calle Vacía,1,452,2,9,71,sobredosis,,True,2025-02-09 17:14:00+00:00
596bbad6-41fd-4076-8dc3-cded2b96430f,45ee48e3-b5f8-431a-87e3-8a2c6961ad9d,Habitación,2,92,0,22,76,colapso,,True,2025-03-30 02:24:00+00:00
14f5eb4f-4423-4085-ab2d-b43b3c4e1b77,144f8863-9df5-4ff4-9eff-71b877c21f04,Hospital,3,436,2,29,19,abstinencia,,True,2026-01-17 18:42:00+00:00
c1207d85-3b6d-4c7a-b2af-229e74e5ed5f,91eba065-8318-47ea-b3b6-f9fbf0cc2d75,Callejón,4,230,5,97,96,,,True,2025-01-28 22:43:00+00:00
e1857c2e-d350-4ea2-ad31-6e7cb3a1ea62,dd0da6a2-2ce7-41e1-8ff4-5e8a97a955bb,Callejón,4,246,3,22,94,colapso,,True,2025-12-28 18:50:00+00:00
007ed2ce-a977-4a26-a3b2-68ba28ec1451,24b4d8bc-68a0-41f6-a4c3-5b9fe5872cd9,Calle Vacía,1,493,3,23,51,sobredosis,,True,2026-08-04 01:29:00+00:00
dc6dcdcb-78c3-4382-b14d-f87413bf5e17,ae108915-c1dd-4b42-960d-772140933388,Habitación,2,354,0,47,34,,,True,2025-10-09 20:58:00+00:00
93e043cd-c7cd-45ed-b584-c9c212c40e1b,097cc165-e077-442f-903e-9e8187f0c0cf,Calle Vacía,1,152,2,85,10,,,True,2025-07-13 13:01:00+00:00
c4557556-99c3-4fc2-a355-e93f8b677ec0,90a7fee8-9c98-4ee8-9bd3-abad40a5d492,Calle Vacía,1,319,2,70,94,,,True,2026-02-09 22:27:00+00:00
f0a15c1e-9a57-4996-8500-8f6a5aa49adf,341f690d-453a-42b8-a3a0-4b435a2e7dbb,Recuerdo,6,530,2,3,11,enemigos,,True,2025-02-16 23:49:00+00:00
145968d0-c6c5-4e61-85c2-55b865a130d1,41781138-1c6c-4323-a05a-d8f302b7be92,Habitación,2,385,0,41,22,,,True,2025-08-19 17:46:00+00:00
a67532fc-216e-417d-8147-535772d5c4d8,132a9dc1-a915-4c43-8004-59926892c6f9,Calle Vacía,1,485,4,43,55,,,True,2025-05-23 01:42:00+00:00
4fb27da3-8090-4ff0-93c6-a9a212401207,eb463b68-0848-4837-9896-2965364bfe7c,Habitación,2,515,5,26,20,sobredosis,,True,2026-07-12 14:28:00+00:00
c2fa7e7f-f621-4971-aaf8-1b9145808827,f83fcdae-0818-4c84-a9f0-75f1383ad271,Habitación,2,314,3,19,35,abstinencia,,True,2026-02-15 22:21:00+00:00
af8aef49-43f2-4212-9505-e9d2ea7076c7,ebe302ce-4052-4afa-94bb-c9f8d6e582bc,Hospital,3,308,4,97,52,,,True,2025-04-10 00:09:00+00:00
ccafb50d-0b1d-420c-b6f9-b0effd4a2c02,558493ac-4503-4a5a-ac34-52d640851c11,Callejón,4,188,2,28,60,sobredosis,,True,2026-03-06 20:24:00+00:00
bfb1c201-25e4-4e9a-b98b-55b9b43a414c,958a65b1-e76b-432c-a6c7-060bfd39c7ee,Calle Vacía,1,351,1,59,20,,,True,2024-04-21 22:43:00+00:00
1502d99d-b4ee-40f9-b3fb-074c5ccf7470,8b9070b5-0cc2-451c-8cd0-54232a7c956e,Hospital,3,376,1,21,38,sobredosis,,True,2026-06-23 03:17:00+00:00
a90effcd-115a-4daa-a5cc-ad46eed5f985,a51940f0-ac6b-46a4-9d3b-312372fe521a,Calle Vacía,1,291,5,98,6,,,True,2026-02-27 11:28:00+00:00
30355ccb-ad93-4d7e-a5d2-7fd3c8d9c53d,3f14905d-1b67-4560-b1d5-821aa929c7a7,Habitación,2,461,5,22,11,abstinencia,,True,2026-04-24 17:37:00+00:00
73920f4f-d478-4f83-b363-6d7a0f675500,9b9dcbac-0301-4ccb-b122-4be682eaedf7,Hospital,3,366,4,78,78,,,True,2025-12-26 19:17:00+00:00
8e36c381-e6eb-42f4-829f-f3b8dcdffb4c,35284e3f-3a61-4e11-ab7e-d46606846cbb,Hospital,3,83,2,8,61,enemigos,,True,2026-01-25 21:17:00+00:00
d61de0f9-0c0c-4de6-b59c-06a169ecd464,0751f2ad-b5c6-40a9-8776-ae595dbab3cf,Calle Vacía,1,320,1,63,45,,,True,2026-01-24 14:49:00+00:00
c3fbfa30-58c2-4cbb-be9f-ec888ca4a166,8d177d30-e827-4fa5-bd40-bebd84e3a5ac,Hospital,3,304,3,51,71,,,True,2026-01-25 16:53:00+00:00
13d95ef0-ea3f-4758-ba03-b16d7269f003,aa2d2117-8af1-4380-bae3-dc1e1e9ebd8f,Hospital,3,110,5,24,34,sobredosis,,True,2024-08-24 16:53:00+00:00
1025e247-873b-410a-8aef-2ce20061f972,2a4f9b84-e7ef-4d0c-ba06-2f9d3371893c,Calle Vacía,1,94,3,15,0,enemigos,,True,2026-01-05 01:11:00+00:00
d3f63bd0-19cd-422b-a175-9c5c2f678a0c,077b64a9-a04f-4ca9-8554-d060f28dde12,Recuerdo,6,122,2,74,75,,,True,2026-02-24 19:08:00+00:00
eb504317-4a6a-42b5-95a3-effa3f7947d9,831ddbcc-e798-4f3c-b303-6c1deb098b31,Habitación,2,552,2,19,47,abstinencia,,True,2025-12-06 15:43:00+00:00
c2d6d9df-f454-4b90-b3a6-17062173c114,4dac5afb-51ac-4ebd-9afb-6fd28f224ea6,Recuerdo,6,491,0,46,48,,,True,2025-07-16 20:01:00+00:00
cac9fb1e-5095-4378-8129-31d8600c90ed,ce7216ba-7c86-4830-a0ba-f4018b16011e,Hospital,3,276,1,62,69,,,True,2024-07-14 15:52:00+00:00
53853379-f7ed-4b6f-a4be-2b08d8c3ccc9,f02e396e-33b5-405f-92ab-dccdbffdc87e,Habitación,2,202,5,27,14,colapso,,True,2025-03-29 21:04:00+00:00
906588bf-8100-4050-afd0-de8b06c438a2,9c0bf51a-8f90-4742-a721-6bcc2fd8d22e,Recuerdo,6,423,5,9,2,enemigos,,True,2025-09-14 20:01:00+00:00
f388abbf-7db1-48a5-90ea-bae3bf549cb3,d858e934-9343-46a5-bb52-3ff40531e3dd,Callejón,4,172,2,0,59,enemigos,,True,2025-09-03 10:56:00+00:00
8afab8c6-671c-48b4-9b61-86524e489473,26b09a41-ce4a-4d96-bba4-0d957da544a7,Hospital,3,403,2,29,42,sobredosis,,True,2025-02-14 14:57:00+00:00
b3a129ae-36a6-458a-9504-ed9e6cfa32c8,8a52dfc5-122d-41f2-9cb9-f0f59e9df2bd,Calle Vacía,1,466,2,42,1,,,True,2025-05-10 21:33:00+00:00
b231d28f-01ed-4c47-b12e-018c2b8fefda,bb003195-a776-4039-91e3-07b6808c783a,Calle Vacía,1,313,1,97,89,,,True,2025-07-09 21:32:00+00:00
e7fccdaf-7fb8-40e4-a087-8d16211243a6,aa677480-4004-40a2-9aad-0413555b1038,Hospital,3,308,2,53,68,,,True,2025-08-02 23:29:00+00:00
b637a463-b374-4b81-9af2-7f8581ff4e15,c9da737a-00f9-426f-96e0-31bd040a557f,Hospital,3,204,0,84,0,,,True,2025-04-13 20:02:00+00:00
143148b8-e270-4169-bc7f-0e22c373157f,762c3578-ea44-453f-bc4f-5a6d0a56d235,Recuerdo,6,188,3,25,58,abstinencia,,True,2026-08-03 01:32:00+00:00
e4eba1fe-ad22-47fb-b674-c3ed0501df71,6d81a802-6890-4157-b15b-951ef641defd,Calle Vacía,1,497,3,75,98,,,True,2025-01-29 14:35:00+00:00
e4a8971d-5c9e-4a9e-8e56-f20b3b16f6e3,653dcaeb-df40-49d9-8553-b13df7710864,Calle Vacía,1,148,0,12,48,caidas,,True,2025-08-02 23:42:00+00:00
0625283b-a91f-4140-96fa-e05c772c1f13,fbfbcbc1-dfa4-47f8-b779-618468ffd43c,Calle Vacía,1,457,1,51,16,,,True,2026-04-07 14:04:00+00:00
7ebe68eb-b775-43c2-bce4-47cfef23220f,b0389d94-87b6-48c7-8b86-8df07ea1b9fb,Hospital,3,407,2,9,99,enemigos,,True,2025-08-07 17:38:00+00:00
ffaf1dbc-04c8-4cc9-a338-70812910b5d6,8560fd6f-fe19-412c-a704-27435d1102b1,Callejón,4,68,5,100,62,,,True,2026-02-01 21:11:00+00:00
db89fab4-a223-4691-8eaf-56953033c776,3f3af3f8-6a17-4525-bde9-3f66fc6d5cb5,Recuerdo,6,323,5,15,23,enemigos,,True,2025-03-11 11:38:00+00:00
6dacf126-5be8-42fb-bcab-99f6ccac8105,5f87cb64-a170-48dc-9faf-71fa5bbd6474,Calle Vacía,1,120,4,11,94,sobredosis,,True,2026-08-07 01:20:00+00:00
6d1e0b5d-730f-4bb0-bbf8-c4b4886fbcdd,f03cd634-197e-4f98-bd51-3387acb4ace5,Hospital,3,299,4,18,54,enemigos,,True,2025-03-02 16:00:00+00:00
3e0f4125-78a0-4e6d-8abb-42658c357904,e8137316-8c12-4650-ac68-d75590661072,Recuerdo,6,362,4,42,29,,,True,2026-01-15 23:26:00+00:00
d10cf9c2-73c2-440d-8823-f61fcb9d184c,de27a5b2-2d53-48cc-8ae6-4d74cd189a30,Habitación,2,233,2,54,8,,,True,2025-01-21 02:26:00+00:00
843a2da8-8418-403e-87a3-94f418a8e5b4,e17a7d58-1719-4fa0-9998-bb0094d4e66f,Recuerdo,6,234,1,77,62,,,True,2026-02-20 00:25:00+00:00
195082ab-4966-4157-9b9c-96f16ecf8af5,f42bf387-cfcf-4d4c-b098-c8eddeffa341,Calle Vacía,1,530,4,8,2,sobredosis,,True,2025-11-09 22:04:00+00:00
6ec60089-06a9-423e-a9f4-8e56d47de516,30113e2a-fbc6-4512-8d91-8bbcfed5aa82,Callejón,4,353,3,13,84,colapso,,True,2026-08-02 17:47:00+00:00
f06c3482-03c2-49c5-b7f9-3ea436fc4c62,56cee11f-6c83-4355-88cc-a57dc65b9bf5,Calle Vacía,1,404,4,52,79,,,True,2026-02-03 19:05:00+00:00
9dbf27ff-ec7c-4561-8c6d-b48aa7223e6c,8ff79505-2cdb-4bea-828f-b41c12b27d6c,Habitación,2,465,5,89,42,,,True,2026-08-01 19:53:00+00:00
3ee246b2-0337-40bd-a7b5-92e62f6a5355,ceedb7f8-4110-441b-b301-6e7b50c22f62,Habitación,2,581,3,15,6,colapso,,True,2026-05-30 22:31:00+00:00
c76bb609-b093-4051-884b-d6d312844361,013ea5e8-fcd1-4e16-b975-ca7e2de115f0,Hospital,3,112,4,13,12,abstinencia,,True,2025-03-28 02:39:00+00:00
d5b87f29-c67e-4024-96e3-8eb21fc8e88e,fddee778-b9b7-499f-857c-286c9dba7834,Hospital,3,132,4,6,40,abstinencia,,True,2024-10-16 04:13:00+00:00
45dacac5-8594-483c-b473-8e738731761d,77ccb3c6-c53b-40cd-bb81-5c131de24286,Callejón,4,565,2,74,50,,,True,2024-01-26 23:43:00+00:00
a432e52e-a777-4a17-8156-c266d573a3a4,5832dd8a-8c17-48fa-9e68-764ed3436e44,Calle Vacía,1,477,1,28,87,enemigos,,True,2025-06-23 10:41:00+00:00
2208a6d8-83ba-418b-b3c5-f93b7a93e6f1,850a1b0e-3179-4547-b99c-2cb87bb36232,Calle Vacía,1,133,2,77,51,,,True,2024-10-25 13:29:00+00:00
94be4e1b-c41d-4700-ab6d-971112402511,2e1ba5d1-bac7-4092-a27f-a872350ccb07,Calle Vacía,1,505,0,6,44,colapso,,True,2026-02-21 02:21:00+00:00
4db0e31f-c3ea-440c-84bd-50d6c8ba1885,4a25d841-f5ab-4878-90d5-fa426f55f2f5,Hospital,3,475,2,12,83,enemigos,,True,2026-06-11 23:12:00+00:00
e0b0e6cc-88aa-45ed-89d5-32cd9b0cdd50,a4a228f3-8c25-4c10-854f-576c74a31a80,Hospital,3,128,3,41,43,,,True,2026-06-22 02:13:00+00:00
3b554cef-0b4f-47b5-940f-1f1fdf9f93e6,7205cb04-09cb-4cce-9f76-8c0b5bb96cb9,Calle Vacía,1,596,2,25,36,sobredosis,,True,2024-12-27 23:42:00+00:00
2d1087a7-121c-4b79-bf95-05b8b1d009e1,30dc2319-8e6d-47e9-9bda-a2534967069b,Calle Vacía,1,175,4,27,75,caidas,,True,2025-01-22 00:42:00+00:00
dabcbe87-91c2-4c53-b8c6-5c590b6a44aa,f8a862ca-36f8-4dec-99bd-95b6bf5da112,Hospital,3,179,1,59,27,,,True,2025-09-14 21:27:00+00:00
53ab5cf7-d05b-42c5-93e0-2b57e51bf123,ecbd2c1d-e332-40a2-b18c-252cc4bbb115,Habitación,2,150,5,42,75,,,True,2026-05-12 20:00:00+00:00
5ce57547-6a8a-4884-9a72-965a3e1ab01d,f40e28a5-b50f-4289-8254-9eb035ad83a1,Habitación,2,553,2,69,10,,,True,2025-04-20 21:22:00+00:00
c74b76b4-0ee2-45cc-a3d5-bacd7b3fcf31,5bb0ca42-b22f-4592-9812-c3e056644629,Recuerdo,6,110,0,8,16,caidas,,True,2026-03-03 19:51:00+00:00
66fe017e-6a21-45a7-8699-17bc579f60f1,8b72366c-2ea1-458d-aaab-44b2623e9d87,Callejón,4,208,0,43,38,,,True,2026-07-31 02:34:00+00:00
34e1dc16-5724-4f95-92af-3883177bb0ba,0d0bfdf0-0b9b-4a1b-a9ae-28173462d01d,Hospital,3,440,0,24,12,enemigos,,True,2026-03-16 20:15:00+00:00
b6719e00-85e5-4cbe-a5af-8bf3def78ebb,cc56b622-f22b-4f49-92bb-f0162c178927,Recuerdo,6,507,1,88,86,,,True,2026-08-03 00:01:00+00:00
a5b1769d-761b-42f0-b887-55d31b2a3759,8bb4c1e3-44f6-42e5-b982-dbdb4f9e43b9,Habitación,2,334,4,29,56,colapso,,True,2026-05-25 23:18:00+00:00
0d5c5bd6-a001-4da4-a0e2-57b521f26581,26d0c589-63ec-4b8d-b9f8-52ee53793a47,Recuerdo,6,156,3,85,12,,,True,2026-04-25 15:43:00+00:00
0fe42570-aeab-4284-8ed5-d9842f07c06c,890b7fcb-7483-4804-ac0c-4adcf3228634,Callejón,4,480,5,93,55,,,True,2025-07-04 15:37:00+00:00
7c69a9cd-df32-4c49-8365-0b4000317ee8,88999f21-b84b-400a-b642-141ce71854af,Habitación,2,155,3,84,74,,,True,2025-03-13 17:19:00+00:00
2f2945de-763f-440d-83f6-6bfcdf6a16aa,921fce00-3780-4434-887c-819ff0b4fd1b,Calle Vacía,1,218,2,29,68,caidas,,True,2025-05-24 22:01:00+00:00
6ff8b8ad-3dd6-4130-b31d-f3a4f97e7934,0fc79f37-c44b-4bdb-b765-018aa35e7341,Habitación,2,428,5,11,79,sobredosis,,True,2025-02-01 11:45:00+00:00
cd477d3f-27cb-46fa-a813-17161d2380f8,cb9c307d-2ca6-46a5-b406-d62c56004153,Habitación,2,194,0,17,71,caidas,,True,2026-03-23 02:29:00+00:00
8e9f2851-3bbd-4be3-ac42-29bad4c75d22,f03bd540-654c-49f8-ad4e-509d7d5016a0,Calle Vacía,1,476,4,13,75,abstinencia,,True,2024-07-01 23:56:00+00:00
00c20222-c722-424c-9030-d89a1ab7af49,bfed22ab-e5e6-4344-8a91-65cd22e06beb,Hospital,3,349,2,49,1,,,True,2026-02-07 23:31:00+00:00
0ae489ea-0e1a-4a9a-84ca-1abbeb9dc17b,47f79415-228c-4c6e-8791-1d0b0e0ebbb2,Calle Vacía,1,581,1,99,25,,,True,2025-09-05 18:06:00+00:00
6c0984b4-7aa3-45c0-a9ab-7d0a5ac2c4e7,af690d34-6f1e-4414-a480-d4244e0ad65b,Habitación,2,333,2,3,95,sobredosis,,True,2025-04-30 16:39:00+00:00
f9710964-8862-4dce-9443-5e5cf5adf403,5e5792fc-a9f1-4ef6-97a4-0697dbdd62f0,Habitación,2,120,1,7,51,sobredosis,,True,2026-07-09 01:33:00+00:00
16e3a3d8-6625-4ca0-be1c-b7899de99ec0,72704e3c-f766-4258-9a30-a6a8b3ec8064,Calle Vacía,1,324,5,53,67,,,True,2026-01-08 22:18:00+00:00
ec36dfae-2f47-4019-87fa-e0dc8daad644,bee217bf-034e-4ea1-8ff4-301c058719b4,Calle Vacía,1,257,2,80,23,,,True,2025-04-17 19:13:00+00:00
44e5b600-d9b1-4ce2-a77c-e00d746b4c2a,2b278ea6-99be-4366-95f0-7c17e6faeb68,Calle Vacía,1,322,2,6,12,abstinencia,,True,2026-01-27 17:41:00+00:00
4018d4e1-b178-4b3d-8693-71cc91495750,4f3fac5c-f800-4ad6-a8ec-d61718982402,Habitación,2,588,4,100,99,,,True,2025-07-18 21:12:00+00:00
f806a7fe-1fd5-4252-a147-affe28a28ed9,8296e891-85c3-4bea-bb3c-b1e70c75aa80,Calle Vacía,1,562,1,93,6,,,True,2025-07-19 13:27:00+00:00
21c5ec6f-6707-4643-94e9-c380103a3d56,2b9f8619-9da4-4e1b-b873-4e8095b99ca7,Calle Vacía,1,169,1,59,14,,,True,2026-05-17 00:08:00+00:00
e95c0a1b-64b2-4c1d-8958-62a5604c936f,96e03da6-15a3-470e-a9bd-7d796b6c77e3,Habitación,2,428,2,5,88,colapso,,True,2025-02-05 18:48:00+00:00
7a98f109-be61-4ead-bae0-1e1d416eb684,b1bdb5f3-4990-44d4-90f8-35c608d3d66f,Habitación,2,505,5,5,43,caidas,,True,2024-11-11 17:33:00+00:00
3d30a8a8-5bb4-4fbd-bdf6-2801157b75c4,b3fc8e39-5e19-4e46-a0df-32e3f17719d1,Hospital,3,563,3,4,9,sobredosis,,True,2026-08-02 14:52:00+00:00
7f9d0155-b157-4009-830c-e336a342e547,c70e2834-0aad-4a83-83e7-ee3ec91379d8,Calle Vacía,1,170,3,61,70,,,True,2024-10-18 15:43:00+00:00
6528e1be-cfa2-45fc-a284-d8b92027cdad,d937b37d-6ec3-4c2c-8074-d67e09987e9f,Hospital,3,187,5,76,97,,,True,2025-11-12 22:58:00+00:00
a1bb0bee-0883-4686-b864-67eaa654afd3,cab32b91-b75f-41fa-a725-355b48d9cb6e,Habitación,2,70,2,24,46,enemigos,,True,2026-03-21 22:56:00+00:00
d044a817-f1dc-488a-b3b6-7a8bee2bfbff,18b3fcbf-131f-42d4-9b3f-52a5470e2a56,Recuerdo,6,300,2,13,27,sobredosis,,True,2026-05-16 15:07:00+00:00
92dfe2a8-f895-44ec-a891-f4852f350725,c7efd88b-266c-4f86-8896-88d500c86f8a,Calle Vacía,1,336,0,18,30,enemigos,,True,2026-03-30 00:10:00+00:00
6bd3de79-d6bc-4cce-ad56-605be553966b,5593e10a-fd90-4c9d-ab9b-8be8cd104214,Hospital,3,412,5,69,46,,,True,2025-11-28 15:58:00+00:00
aef29016-0a1d-448c-9aaa-cf84d20e24a4,c12b500d-8f85-4122-8c88-63e7a0b1042c,Calle Vacía,1,435,4,26,82,caidas,,True,2026-03-27 23:56:00+00:00
dd58daa5-7884-40d3-b35f-8563eb6f8284,91af2d0d-2b3c-4d47-9631-b859ecc3e56a,Habitación,2,580,5,8,26,abstinencia,,True,2026-02-21 01:50:00+00:00
2739506c-f31c-4b4d-a8f6-76ca566a3505,ded891ad-418a-4e2a-aedb-ac6bb8402b95,Calle Vacía,1,308,0,22,83,sobredosis,,True,2026-01-11 23:11:00+00:00
8696c363-4014-4ae7-b767-e42710bd6275,18729206-e2f1-4b3b-bcef-f7e7119243a8,Habitación,2,499,0,47,69,,,True,2025-09-25 15:22:00+00:00
85e79895-d38a-4963-a702-1e356b5192b8,8b40be15-2ac5-47f6-83fe-3aef1a179b9f,Habitación,2,538,4,100,21,,,True,2026-07-04 00:18:00+00:00
d1585713-a434-455a-945b-8590a95e2136,1d01e77d-6099-489a-be4f-a7974aa407aa,Habitación,2,121,2,72,99,,,True,2026-08-02 11:26:00+00:00
8ac9ac11-bf0e-4f9c-8b61-a9a730b2f8be,165d902d-0ccb-4a18-8a97-9611c3d1d2d3,Calle Vacía,1,105,5,18,92,abstinencia,,True,2026-03-13 18:01:00+00:00
8dc94ef6-74dd-40a9-9ee3-8da02d2cc1bb,5d5ac375-37a4-4dc7-b385-bad670fa2e2b,Habitación,2,276,3,18,30,colapso,,True,2026-03-30 19:37:00+00:00
872c80cb-e011-4a61-81e8-a48719668475,ea8cf531-69b1-40e6-8847-f94cd387a63d,Habitación,2,511,1,4,52,sobredosis,,True,2026-03-21 23:37:00+00:00
26f29fe5-5580-4148-998e-00c5199aebaf,78b11ddd-fd0e-428b-a6f5-bad88b4af4b7,Habitación,2,394,1,76,85,,,True,2026-01-30 20:36:00+00:00
a9b8f58b-b318-4e64-993f-a8f1434e3dc0,b931dc9d-0925-4bf9-9446-4b661c974db1,Calle Vacía,1,173,5,70,62,,,True,2025-12-27 15:33:00+00:00
e2684ca3-ddad-4879-943e-5833d504b1a5,9c110843-ca42-4ab3-9fb5-8bd0e3c3d091,Refugio,5,396,2,9,70,colapso,,True,2025-11-18 22:52:00+00:00
af96709e-42c6-47f2-8ef8-c47195eac8c4,ece980cc-99c3-4421-a803-806360ba8e56,Calle Vacía,1,135,0,46,38,,,True,2025-01-15 14:18:00+00:00
2efbac16-31ce-4382-890b-46a62b013d5c,1323bae7-c5f3-4ca5-bc60-4a14351c39a3,Recuerdo,6,442,4,44,20,,,True,2026-06-01 23:36:00+00:00
3013e715-b4cd-4384-a4c3-f5e1b4b2d600,2896c9e9-9d06-4856-a2bb-f3624fad86cd,Calle Vacía,1,280,5,8,50,abstinencia,,True,2026-05-06 14:02:00+00:00
04327b35-a7e0-4455-b7e7-ccb1b15909b7,ec2d9ff4-a263-4e70-99bb-5159265bf428,Hospital,3,354,1,57,94,,,True,2026-02-14 15:41:00+00:00
b29f7aad-d452-49ad-83a0-be2894e530f5,14351c78-b5aa-40a7-8fce-6af848a48919,Calle Vacía,1,399,2,24,48,abstinencia,,True,2024-09-27 19:49:00+00:00
a78abf7e-1278-4ea7-ac1c-2bc4d67bbd9b,9c63169e-5a3c-45ab-92d5-75fbcb480b4b,Calle Vacía,1,244,2,92,40,,,True,2025-11-20 22:51:00+00:00
cebc9852-9cc9-41d8-a4ce-0f1b76770aaf,8ceab24b-615b-4373-a5dc-cb24a2e8e2ac,Calle Vacía,1,351,2,2,74,enemigos,,True,2026-08-01 13:58:00+00:00
ad76f3df-4c10-45d0-9c3e-8108330c2122,5ed0e125-ce69-48bf-b9ed-d7e69cdba469,Refugio,5,365,0,81,66,,,True,2025-12-19 23:03:00+00:00
9b758234-f449-45be-8da7-d85ab19df074,2797d05e-fc83-4ddd-8513-28330f52ad86,Callejón,4,328,3,27,10,caidas,,True,2026-06-30 23:45:00+00:00
7f089b4e-518b-467b-9ca1-aa2165f52acb,005e102c-da7d-47a2-bcc1-3e266a4c38c1,Callejón,4,99,5,78,16,,,True,2026-08-03 19:49:00+00:00
cc8ce24a-4357-4c52-9bea-9001b8fd8cbc,b9b30f37-9b21-4382-ad6d-d987a7bb3dca,Calle Vacía,1,315,3,68,34,,,True,2026-05-16 18:32:00+00:00
37a051a2-a826-4912-9a98-b7ebee38e249,4062f85f-e6f4-473e-b46d-a2a7ad2cc677,Calle Vacía,1,508,4,28,29,sobredosis,,True,2026-01-20 23:47:00+00:00
1fcc9acb-72f7-4f43-bca6-fe7c21745a0d,d317ef63-245b-452c-b021-ce228c0b49ed,Habitación,2,195,4,18,75,abstinencia,,True,2026-02-19 23:34:00+00:00
dbc4a1fc-100b-4ca6-815c-ddf475b9ba9e,af80e62c-86c4-4995-87ee-c351aeb304f1,Calle Vacía,1,215,4,22,28,abstinencia,,True,2025-10-11 14:01:00+00:00
d9541d6a-ce63-49ce-9756-f78ad7f5df71,02589892-0df0-425a-a846-12c24ec4da12,Hospital,3,76,4,83,64,,,True,2026-02-23 00:14:00+00:00
fefde335-0de5-4fc0-a82c-248ddfab2e1f,f9eb4bec-a02b-47c5-af7a-57accc7af907,Habitación,2,255,0,2,92,abstinencia,,True,2025-11-18 22:34:00+00:00
fd7a67e4-79be-48dd-9edf-fddb573a4993,eca7f45d-84c6-44a7-a443-2e4ea2f1cad7,Habitación,2,445,5,11,20,colapso,,True,2025-07-21 02:20:00+00:00
15a9f72c-9aa0-4635-b24e-4c481bb00a14,00e9bad8-f910-476c-98cc-578c4ab9fcd0,Recuerdo,6,166,5,95,72,,,True,2025-06-16 00:32:00+00:00
074c48e7-b638-49ff-b436-f34c28e7a5a9,7b7eacd2-7203-4dd5-88cd-8811ee7b9dba,Hospital,3,371,1,50,60,,,True,2026-01-25 01:30:00+00:00
51d66783-9558-41a6-bd59-9d9ef7c3c288,7fa938c2-3f1d-4b2a-bce2-49a13537c249,Callejón,4,356,4,20,67,sobredosis,,True,2026-02-15 23:56:00+00:00
c85885ad-75bb-4edb-b4cc-ffbbc37b81a3,f598b743-f496-4a65-87dd-d3541fff0015,Habitación,2,508,2,72,13,,,True,2025-08-17 22:52:00+00:00
8438bfa3-db57-458e-881d-8335c94a3ce7,f6ef45b1-90e8-4bc8-a15d-407dbb4afaab,Recuerdo,6,298,0,56,13,,,True,2025-07-05 20:02:00+00:00
d8e91213-b3fb-42a8-a67d-b4866ed2581e,31abd29e-cb25-4d2e-8a53-706990950e59,Hospital,3,401,5,82,83,,,True,2026-01-18 12:34:00+00:00
93bbb666-8516-4cb5-81a5-1c25dee55f5c,aadf42b9-8db9-44db-8a93-65c184edb28e,Habitación,2,363,4,47,92,,,True,2025-05-27 00:26:00+00:00
1d304338-93bb-4e17-ab54-1acc5d2345c2,35692dda-1ce3-44a5-9abd-f39e245b777e,Recuerdo,6,175,0,16,33,sobredosis,,True,2025-03-14 12:52:00+00:00
3499783f-5aa2-450e-922e-78b71080bac2,d5ad8948-4def-4379-9576-b9e477db3f3f,Habitación,2,557,3,3,40,colapso,,True,2026-07-12 01:45:00+00:00
e7461999-75bc-4638-9b8f-4940c1005bd8,5bfae0cb-2ecd-4df5-90d7-f3c00d48e194,Calle Vacía,1,382,1,23,44,caidas,,True,2025-09-13 18:32:00+00:00
24f5a78e-d971-439c-911b-bf4e89ae797a,3155a5d7-ff9f-4b2f-8fb2-20ed9a958681,Callejón,4,190,1,24,18,colapso,,True,2025-11-13 17:26:00+00:00
7b4519e3-91c9-477e-97a0-7c2c2be66a84,10eb7576-61f0-41e6-8f37-912c305b7fc2,Recuerdo,6,203,4,46,86,,,True,2026-01-13 04:27:00+00:00
37609389-b28b-4976-867f-92692afff3d0,f9b72912-480f-4c63-be65-05e8dc48e576,Calle Vacía,1,161,3,26,80,caidas,,True,2025-04-13 17:53:00+00:00
51387814-44f9-4de5-a080-ab85efad0bca,f0898ffa-fccc-499d-9524-541dcfa645c1,Calle Vacía,1,282,0,81,89,,,True,2024-09-10 23:03:00+00:00
d9a4074e-d28f-4120-a73a-d840b0101665,51a1f3d7-b75f-428b-b12a-fd80783e16eb,Calle Vacía,1,105,2,6,53,caidas,,True,2024-06-13 15:40:00+00:00
88459499-8812-4db2-9ff4-2ab6cf54bea7,269cdfc2-4c9e-4891-befe-1afcdc203b75,Hospital,3,538,3,0,94,abstinencia,,True,2026-01-07 12:14:00+00:00
2121ad75-f823-4f76-976b-998e49eee080,50bd6310-251b-45ab-8fdc-865c7edb4434,Recuerdo,6,216,3,51,51,,,True,2025-03-21 16:14:00+00:00
97cfc226-7c5f-4e45-a7ee-b8c71dde5e9b,881fc148-5733-4383-b84b-913e0a3c10c4,Calle Vacía,1,183,3,27,62,enemigos,,True,2025-12-28 01:10:00+00:00
ee8cdf2d-473d-45eb-a816-edf16458b5bc,9e190584-ac77-4a5a-866c-8a52a0b5d6df,Calle Vacía,1,277,3,63,95,,,True,2025-11-02 00:21:00+00:00
5d7e4f9c-bc62-4f85-b46a-f861d2d7b460,aca42f00-83ca-4d9b-b6b4-2fe0200e1fa3,Recuerdo,6,568,2,22,99,abstinencia,,True,2025-04-12 20:50:00+00:00
1234470a-bafb-43c6-be33-bb6b621883eb,4c0cdd1e-11b8-4d9d-9391-4b93193e7bbc,Hospital,3,287,5,5,93,enemigos,,True,2025-11-29 21:09:00+00:00
878f90b6-2c74-4189-9aa6-d5d7e77e12f3,587751cb-fd79-4cdd-b700-0b6c5b7106c4,Hospital,3,454,5,7,56,enemigos,,True,2025-04-23 00:30:00+00:00
273db41e-1af2-43af-86c8-086a546d6209,6d54d154-506b-49a2-a145-7039b6e97be0,Callejón,4,231,4,64,93,,,True,2025-11-06 10:33:00+00:00
7a929fe0-49c8-46a3-9291-42e5ac211c32,2b471059-c453-4544-a7ac-6fd2d03e8b1a,Recuerdo,6,348,1,91,15,,,True,2025-06-01 11:16:00+00:00
6c1dc290-ebd9-413f-8743-6b4e2446eb39,4757922f-4a3e-4eeb-bcc8-71926d62d289,Callejón,4,262,2,21,72,caidas,,True,2026-04-01 21:10:00+00:00
d1991687-d4b2-44ae-8712-4c41f2687fa3,c2688f23-e088-4694-b38a-580c7ad68f86,Habitación,2,532,5,24,26,sobredosis,,True,2025-06-08 23:01:00+00:00
bd569929-6e62-43c6-914e-824df8589224,38de37c4-2937-4d55-bce9-9f22db2a2546,Callejón,4,107,3,56,81,,,True,2026-08-03 17:57:00+00:00
8c121ee4-c3f0-4edc-bc70-594fc251c50c,284d08a9-2719-443b-be29-e601b51a736d,Calle Vacía,1,184,5,52,41,,,True,2025-04-25 17:09:00+00:00
dc7fa555-e8a3-453a-aa80-eafe96a4b338,7ca95a09-2208-49f9-a636-5f79bcd51320,Habitación,2,593,3,85,17,,,True,2025-11-16 13:29:00+00:00
e0c5b676-b645-4dcf-9af3-8536545c0959,e1c2db93-ac53-4674-b140-6efbff449dc3,Habitación,2,445,2,17,49,caidas,,True,2026-02-28 17:55:00+00:00
71a6c2a5-3fab-4be1-be8d-da3fd07aaff7,76368dec-34be-41bc-967e-756b187540cb,Habitación,2,226,2,77,19,,,True,2025-02-17 13:03:00+00:00
69d83026-4765-499b-a66e-e5cd2843e6e3,8207b227-1e22-4e8e-8165-efc432371fe3,Refugio,5,207,4,17,53,enemigos,,True,2026-08-02 01:06:00+00:00
cdfe31dd-2d63-4a94-85f6-a920668cd82c,3edf16d1-ef1b-4b9b-bef5-aa62b04819b7,Calle Vacía,1,114,1,10,32,sobredosis,,True,2025-10-27 15:52:00+00:00
15dd71fb-7a58-4999-a210-32425d7f9d1d,4103fa7b-a7c0-4261-bf3c-454adb1fc95d,Calle Vacía,1,336,4,0,6,enemigos,,True,2025-09-10 01:59:00+00:00
d5f5c8a5-75a6-4c7a-9127-db06afc1d6a9,f55c2b81-6f2f-467f-9457-f9172a932614,Hospital,3,550,0,4,39,colapso,,True,2024-11-24 23:14:00+00:00
b1b540ac-a64b-4e69-b46e-894fabbd43eb,1e228207-b888-45f9-bda5-8c985841ee3c,Calle Vacía,1,377,4,11,30,caidas,,True,2026-02-19 16:29:00+00:00
85c895a1-dcdd-43be-852e-85855a7e8335,82ca89b5-93f3-4c21-a1ad-1ef028306421,Habitación,2,546,4,63,61,,,True,2025-10-20 14:00:00+00:00
330a6761-341a-45f2-b957-9c2df998e5cd,2760569f-176b-4265-99ad-d00c7d550fd1,Refugio,5,105,4,50,49,,,True,2025-06-04 12:39:00+00:00
22620075-6646-4d55-a125-226ab9be2173,b16c3b30-667e-4c20-96fc-41ceb59d7efc,Calle Vacía,1,165,2,62,9,,,True,2025-10-18 02:41:00+00:00
916e06a7-d87d-4fea-83ff-006671a21188,2e1bbdf3-4176-412e-9779-96713bed053c,Calle Vacía,1,575,4,16,39,caidas,,True,2025-03-10 22:41:00+00:00
0dff7b2e-373f-483e-ba46-966b5f2890b0,43a4d550-3dd5-4e7e-a739-c2ee9f3d2599,Callejón,4,110,5,75,59,,,True,2025-10-08 18:13:00+00:00
e54f549f-b1e9-4f55-bbd7-136cee9c2c17,b4a600ea-1091-4e3a-812b-1e3092cb7ba4,Hospital,3,243,0,3,93,colapso,,True,2026-06-27 13:41:00+00:00
a72a9854-487b-48b9-90e0-82e932f2d1ae,339df05c-37d7-47ce-a202-39dd1187b846,Calle Vacía,1,598,2,54,26,,,True,2025-10-20 00:17:00+00:00
e28775a0-c9eb-42d1-bc20-7b83e9781cb2,563a4fda-32f4-4490-8d1c-e033fd723f3e,Habitación,2,257,1,92,17,,,True,2024-04-22 02:40:00+00:00
04e2d605-2745-4d4d-83ab-47dc3bfa1445,b0a749a6-7305-44de-a714-d6c1dccd96e4,Hospital,3,578,5,26,10,colapso,,True,2026-06-06 15:18:00+00:00
18d42f28-18e8-4b5b-89df-6cf167b41ff6,6e2b3970-a9cc-4a1a-97a0-153cd0904e08,Calle Vacía,1,384,3,20,2,abstinencia,,True,2024-10-13 19:16:00+00:00
87390d05-fa5a-4334-9a56-02bbaccc0ee2,606f20fb-fe7d-4b03-a59b-ac439d51ef0d,Calle Vacía,1,296,2,74,71,,,True,2025-10-21 18:13:00+00:00
b02ab849-71ae-42a2-b1bc-39bbaf9f6a20,7520cfe7-d97e-40fc-ac3c-426db60340bd,Callejón,4,181,2,0,37,enemigos,,True,2026-03-18 21:37:00+00:00
23aa77e1-aed1-4c64-9c25-5dce413554da,e0f636b8-a9fd-4379-92a9-46af50b9e0e8,Habitación,2,596,1,5,22,enemigos,,True,2025-10-31 02:29:00+00:00
4a2e261e-924e-4ad7-b5aa-e5be7d1ee3a2,b40b606d-b73a-412f-b165-b4a5c669d842,Calle Vacía,1,522,5,24,15,colapso,,True,2026-08-01 12:28:00+00:00
8fca0f47-29e9-4542-8153-1d4ae3e4cbdc,020248b0-9878-4b26-be3d-a5e49c879288,Callejón,4,585,1,40,12,,,True,2025-03-29 11:16:00+00:00
451212a4-1477-44e5-9047-611cdf7b1f9b,1389f8f8-53e3-49af-a023-fc360eedbdd0,Calle Vacía,1,229,4,89,15,,,True,2024-12-10 00:08:00+00:00
98eeb5fa-0dae-456f-983d-81f55c8c804f,9500ea9f-0d0c-4ac4-a0b7-aee8e5e46493,Calle Vacía,1,169,2,22,79,enemigos,,True,2026-08-05 15:38:00+00:00
2a45e905-9b2b-4d81-b9a6-643674e00805,9ae0b3c6-af48-478c-98a6-56ee8f69896a,Calle Vacía,1,477,4,56,61,,,True,2026-03-19 14:01:00+00:00
22d372b7-cf5e-4df5-a8c6-e296980f174c,7d094edc-111c-4623-b310-64bab9a7832f,Calle Vacía,1,268,4,78,93,,,True,2025-08-15 13:56:00+00:00
297dbe54-1337-4a59-a5af-f91231dc86ca,2d58f8ac-e0b2-493f-9d01-499e2f921496,Calle Vacía,1,136,5,14,30,colapso,,True,2026-01-18 16:14:00+00:00
fecb4424-be63-49c1-a9b1-7bd269fd0408,dd375fd8-e288-4ec8-a7d3-b91b0723332a,Calle Vacía,1,302,3,44,4,,,True,2025-04-12 00:35:00+00:00
e616fd08-042d-49b5-9ff3-88adf15f8f84,ed949ccc-9acc-41b9-8807-2cdd43de1643,Calle Vacía,1,489,0,60,60,,,True,2024-08-14 12:20:00+00:00
d60fad44-6c86-45ab-8e27-07152da98de4,2d485045-3e89-44a6-a6fc-b2bbe45dd7d5,Refugio,5,531,3,2,80,caidas,,True,2026-02-17 23:03:00+00:00
512aaca8-7bef-438a-9e23-e75d2e5b2e54,48ef4bd6-959a-49af-851d-12e51164cb14,Habitación,2,342,2,16,15,enemigos,,True,2026-05-31 21:19:00+00:00
f2ec4939-186e-49e5-90cd-9652e814d57b,ab613397-c3ea-4a03-a8b7-0ab3cfb434f6,Habitación,2,482,5,20,87,sobredosis,,True,2025-03-23 00:24:00+00:00
0689a7be-c2dd-4109-82fb-30e13cc52f78,3990f9fe-bd1f-4db6-b8ed-7c61204d50bb,Calle Vacía,1,199,2,23,22,colapso,,True,2025-03-26 10:03:00+00:00
6e559eb4-eada-4f8d-b558-95a07cb00e9e,83dcb738-1ca6-45d8-ab8c-20da98430e12,Calle Vacía,1,256,1,62,67,,,True,2024-05-19 20:07:00+00:00
c8532510-7ff1-4f5a-bee4-4a65bde82d09,971d0695-4dd8-4aa5-ba83-4d13213e56aa,Callejón,4,438,1,44,82,,,True,2026-04-24 17:48:00+00:00
dcf7c8ce-dca4-4cc0-bfd3-d602bb6be934,fb9ba76d-5204-4666-9a4e-42f78d5a60dc,Hospital,3,253,3,3,53,colapso,,True,2026-04-26 14:09:00+00:00
d7bc6e5e-8a0a-4909-ae40-73987597f0ea,958b9f6d-b813-48ae-add9-9a310b0c14a2,Habitación,2,160,4,83,68,,,True,2026-08-03 23:39:00+00:00
39918d77-ab8f-4bb7-bef1-66eb30a783fb,3266ea37-b897-4e3b-bafa-5ec3abd75b49,Calle Vacía,1,289,0,24,52,colapso,,True,2026-08-05 18:21:00+00:00
2816f890-f738-4f54-a1d0-c512afd2296f,a53ed157-33e8-45e6-afbd-ef65f8c030ea,Habitación,2,214,0,42,9,,,True,2024-11-26 22:53:00+00:00
f2e363b7-1f61-492c-afc8-954814604d50,7abdf4af-c57c-4daa-9fd9-7dc4158df10f,Recuerdo,6,76,3,56,86,,,True,2025-02-24 00:26:00+00:00
95945936-75fe-47e3-b914-71088374c6f6,407b369b-c377-45a2-bd81-470b8dd33f60,Calle Vacía,1,428,0,11,39,colapso,,True,2026-01-02 14:20:00+00:00
a3c231c5-9d62-4f8e-b604-9336da7a0127,43885e21-5f13-4519-878f-9960bdabe528,Recuerdo,6,240,5,73,17,,,True,2026-07-18 21:43:00+00:00
21868a52-fd99-4b4d-8b52-f7edbb2b39c8,79636d2c-26a8-4196-9a32-df69842ac391,Callejón,4,512,2,2,82,sobredosis,,True,2025-10-10 16:22:00+00:00
8af5a656-ac5b-4fe8-80c8-5678d7191d13,349d1ee1-eea8-4e8c-83ca-e62eee4fcdde,Hospital,3,388,0,50,30,,,True,2025-12-20 22:28:00+00:00
0785a5a4-d194-4bf1-b320-aac6e655b78b,bfbc7d1c-471e-466f-88d8-3e3a3580bd54,Hospital,3,226,2,98,48,,,True,2025-09-20 21:12:00+00:00
ddf3a6d1-9501-48a5-9504-ef43e7162dfc,1031d57c-c2c6-42ec-bd49-6095571f7619,Calle Vacía,1,583,0,73,43,,,True,2026-01-12 00:27:00+00:00
ca68a0a4-f91c-4672-8c67-80a7a9ad5033,b62a9a4c-aac6-415e-9a74-8cecab5d8b57,Recuerdo,6,70,2,85,56,,,True,2025-12-20 23:32:00+00:00
f4a943f8-840f-4d21-9b1e-3fa6079e6c69,744cbf2e-92ac-40bf-b465-54b7cb963b4b,Calle Vacía,1,403,2,13,82,abstinencia,,True,2026-08-06 19:05:00+00:00
9b69e23f-4485-4218-be75-8eb3a88f1315,63a24a43-b589-45fd-a102-e4fb220ce1d9,Calle Vacía,1,155,4,11,9,sobredosis,,True,2025-02-09 21:12:00+00:00
7172ea88-aa83-4954-8324-4629eb015855,bd4ab5c7-7a0b-41f2-bd2d-8a597a64b659,Calle Vacía,1,482,5,3,75,abstinencia,,True,2025-08-13 01:24:00+00:00
499d5faf-d962-4e36-9263-8975bf445ef7,83b2836a-d4d3-4e7f-987f-c9ac1751597b,Refugio,5,372,5,48,10,,,True,2026-08-02 13:16:00+00:00
d80c7d2a-6279-4229-ab8c-47f70ed8759b,761030db-a077-4c60-8396-da17e23a4c0e,Calle Vacía,1,215,4,26,1,sobredosis,,True,2025-12-04 14:30:00+00:00
d26fec8d-3918-4275-8d1f-06389e3ae101,63b26f92-ca62-488c-8b85-7908e79c537a,Habitación,2,372,0,98,77,,,True,2025-11-03 01:28:00+00:00
d34c210a-41ff-4bc8-97e0-484243f85e3b,38dc94ae-baf8-4636-9334-b9abbd5a9f2b,Hospital,3,372,0,18,79,caidas,,True,2025-03-29 22:56:00+00:00
34932852-a76e-484e-86a8-54b048e243fa,15106b34-60ee-40ac-b1a1-9f4162f3793d,Hospital,3,272,5,18,7,caidas,,True,2026-01-06 23:21:00+00:00
c233bc5f-9ea8-429f-b5a8-2fa72d7b17c7,be19fb8e-712b-4b82-8a68-87823147f0c4,Callejón,4,194,1,71,19,,,True,2025-10-06 11:11:00+00:00
26492b37-1bee-4ed8-89ce-a47a8a1f0588,3f58b868-eba0-4715-9050-4a5a3deef0b4,Calle Vacía,1,219,1,22,69,abstinencia,,True,2025-11-03 00:12:00+00:00
3ef13d77-d52c-4b91-bc6b-5e2da05ad5bf,5d09f1ad-8eba-48a2-aec9-4ba5f88308d2,Calle Vacía,1,73,2,46,34,,,True,2025-10-26 21:11:00+00:00
ff060875-0a89-42e3-b081-840cc0ff99e8,4a8f3c86-5d5e-4173-bbcf-264a53ad71b8,Habitación,2,105,3,83,78,,,True,2026-07-17 23:18:00+00:00
3f4c1cc7-6128-4f58-b10c-6c01e1ac9c57,083523a0-47a7-41c5-9dff-20f716b17967,Hospital,3,159,3,44,32,,,True,2024-11-23 23:48:00+00:00
ec5678f1-3309-4380-acdf-57adb74faf19,377286dc-abce-49a5-a032-fca3acfc5caf,Recuerdo,6,334,0,59,28,,,True,2026-01-25 19:46:00+00:00
17017b31-9eba-42f7-8177-b70e0923d490,85a03db3-7683-4d37-a692-cccae0580a05,Calle Vacía,1,436,2,69,11,,,True,2025-07-17 12:41:00+00:00
44d1fe31-ba81-4841-867f-02147912fc10,11bad502-5b54-4981-afcf-d763d6e01ee4,Hospital,3,165,1,8,79,abstinencia,,True,2025-11-02 19:11:00+00:00
001ad99f-dd58-4cf5-ab3a-48a96745b884,89e5311c-843d-4cad-a3d8-d01353344741,Calle Vacía,1,569,0,69,92,,,True,2026-08-03 03:35:00+00:00
6315236d-48c1-4005-9d6b-4df6da53da46,c92c1db6-47bb-4ccf-804b-ce387130124f,Habitación,2,195,0,93,84,,,True,2026-01-16 22:49:00+00:00
5158a386-3f48-49ab-9363-aa8cd27100ec,ff063c1b-34b8-4479-a6df-4ab5733dd728,Calle Vacía,1,197,3,49,89,,,True,2025-07-03 14:17:00+00:00
27aa5511-3672-4503-8678-941ec0214e32,2e5daa4e-8b20-4f78-b5f6-298b2f37d71f,Calle Vacía,1,348,2,16,8,sobredosis,,True,2025-11-14 23:36:00+00:00
84da25ef-0cc0-4d2b-9fba-0ae3db9993eb,5549a2ef-9402-4dab-a80d-dec69a21c5a6,Calle Vacía,1,493,1,90,93,,,True,2025-12-29 14:14:00+00:00
e2be293b-ef21-44a8-b180-27bf876f9352,f420957a-6502-47fa-b813-64e2643caf9e,Habitación,2,302,5,8,88,colapso,,True,2026-08-01 20:00:00+00:00
4cedd76e-5eef-4093-82bd-911071acec89,dfb351fa-bdcf-4c04-9545-ca7428a94ec6,Calle Vacía,1,508,2,23,11,caidas,,True,2024-10-18 04:41:00+00:00
e6eee09a-f703-48f8-b755-efb6a57364bf,2f9ab690-a290-41fd-b5dd-321c953c0d3f,Habitación,2,393,5,8,82,abstinencia,,True,2026-07-09 02:01:00+00:00
ec70dd77-59ff-4c81-bda6-87fb18d9190d,f6fd8b10-db77-404c-8f3d-38b3cd0516c1,Calle Vacía,1,385,0,14,24,enemigos,,True,2026-03-27 21:50:00+00:00
7f64501e-d192-4acd-aea7-c737c9cd1b14,3ae1da8c-a81e-4521-be6d-311ac6f422a4,Recuerdo,6,487,4,2,29,caidas,,True,2026-07-11 23:28:00+00:00
ab42bbc0-10a7-41b3-90a7-168e448c164e,686eabc4-feb3-4289-9b13-e39d4e5ca010,Recuerdo,6,466,0,15,18,colapso,,True,2026-05-15 22:17:00+00:00
efe062e2-692c-47d0-81b0-2778c4086caf,a4e8d4d7-33e0-4ef0-8b98-07315ec96282,Calle Vacía,1,319,5,24,82,colapso,,True,2026-02-27 00:29:00+00:00
d37a4906-ccb6-4a4a-89f3-192cd9656fe4,70d5063b-c7b9-43f1-8374-570a5e652dec,Calle Vacía,1,325,1,61,58,,,True,2024-09-25 02:13:00+00:00
5bf45f5b-76bf-4553-aa0b-28c75810f8f1,57685850-afe9-4aa7-b49c-2245f25eb3ea,Hospital,3,339,0,85,60,,,True,2024-05-30 01:35:00+00:00
dc64a93e-3fab-4f19-895d-c373eb0405c5,acd3ece1-7233-4a34-9af2-de97eaeea1d6,Calle Vacía,1,526,5,28,33,sobredosis,,True,2025-09-28 20:38:00+00:00
0c00c6bb-07a1-43b0-8769-ecfd8ccbbeec,623e6429-6173-4e29-9394-6ab659c9c561,Recuerdo,6,251,2,8,62,colapso,,True,2025-11-14 19:11:00+00:00
3e6c6a5e-aefd-4390-972c-97a8de4943a5,643865a1-d338-4c76-8f96-6198f6477099,Habitación,2,267,2,63,91,,,True,2025-11-27 20:47:00+00:00
e265d9c2-a776-4321-994b-24a7f2a7a62d,eb23423f-caaa-4a6c-a94b-8294e5f3ce5e,Refugio,5,536,3,7,64,caidas,,True,2025-05-23 16:43:00+00:00
7e5d45cf-388d-4150-85e2-7b281d69c7a1,057c5693-972a-473d-b8ef-d2d42ffac016,Hospital,3,174,4,8,91,abstinencia,,True,2025-10-16 22:39:00+00:00
89e1c3a6-6004-45da-87a6-f125f851918f,5a47c73e-ad60-42fb-bbfb-0a308a80028f,Calle Vacía,1,185,1,48,84,,,True,2026-08-05 23:59:00+00:00
ea56f7fd-2e72-4bfd-9949-f8e030c3945e,5438eb04-92d7-4d44-8310-ad80d3c08d9b,Habitación,2,250,5,51,15,,,True,2025-03-09 03:07:00+00:00
ff26d8fe-5574-40fe-a8c9-9d4a10b499cf,c617e36b-3f1c-4f24-9901-5dd6d0cd5a4a,Recuerdo,6,68,2,53,46,,,True,2026-01-05 23:05:00+00:00
7a78a349-9f6e-4c56-94f6-7fe9a07fa64d,5ba95adc-e728-48cb-97a1-65940265e105,Habitación,2,150,1,25,65,abstinencia,,True,2026-08-04 16:05:00+00:00
4f880eeb-18f6-4651-9819-85253218f7c4,d0534ccb-6c9e-4b78-85e3-993b73873438,Habitación,2,261,4,59,93,,,True,2026-01-16 00:09:00+00:00
b66c083d-9cf7-4487-b3a2-52ec4910c1ba,57e3fc2c-dcd3-4ae0-b933-dec1f5ad820e,Calle Vacía,1,592,2,24,85,colapso,,True,2026-04-18 22:42:00+00:00
6615459b-38fb-4984-90ad-bd844c5ba81e,8ba883f6-070a-45e9-8191-99ffa04037e4,Hospital,3,559,4,2,55,colapso,,True,2026-08-02 13:13:00+00:00
2334839f-473d-47ed-963c-847bd9c582f2,dc6bf179-5797-451a-9496-23effd431a56,Habitación,2,402,5,14,3,abstinencia,,True,2025-12-29 22:28:00+00:00
0967f2fc-57d5-4bdc-b510-3ed339622fe1,309942ce-c811-4810-845c-109942220299,Calle Vacía,1,423,4,20,42,sobredosis,,True,2025-07-06 11:16:00+00:00
c4b602c9-c6ae-417f-ba4a-5b8fe318b333,e2dc944b-6382-4d38-a575-5e3d8d986ce9,Habitación,2,505,2,45,82,,,True,2025-08-29 02:19:00+00:00
496c8c2d-8b01-4427-8a94-f055c3aa19cc,188d1293-0dd9-4ab6-b6b8-3281a53de63e,Callejón,4,221,1,1,32,colapso,,True,2026-04-18 21:34:00+00:00
70bef9a1-1754-4042-933f-ac41f9e31af6,ad4ceb2b-2793-4aa5-b45d-15ece4e6a61b,Callejón,4,594,2,80,69,,,True,2024-12-24 09:43:00+00:00
132c2f0a-cb11-40b7-b455-9da953a29214,a5227cb4-660b-4ab1-944b-8d9f8e5d44ea,Refugio,5,595,4,86,84,,,True,2026-08-02 20:40:00+00:00
cfb0d3a3-f271-44b1-98fd-0b1d78be36f4,532f915d-f102-4e20-8dd5-ab7877a9b931,Recuerdo,6,301,0,94,8,,,True,2025-07-07 18:02:00+00:00
2508b4c1-b19b-4ccf-a8f8-78a8d5945ddb,450ec1c5-bf73-4737-aadb-096c44f25dc3,Callejón,4,369,1,10,75,caidas,,True,2024-12-13 19:41:00+00:00
315132fd-a19b-408c-ad65-3ed62d11d65c,05fd3556-603f-47f0-bde5-7997650384e2,Hospital,3,206,2,95,29,,,True,2026-06-06 20:27:00+00:00
4e25d041-bc96-4b45-86cb-39f6d711d66e,d611ff2b-0a70-4ddf-8a10-de21a2017ebf,Callejón,4,106,1,88,92,,,True,2025-01-05 16:55:00+00:00
2e58ef95-141f-4ac4-8aa8-5fbee783806b,361d5595-bda6-4711-964a-b27e7ad1f1ba,Habitación,2,558,1,21,40,caidas,,True,2025-05-18 12:00:00+00:00
5d4a79ea-0e18-47b1-93be-4a140889c4ae,bf3434a1-289c-4460-85e2-24004b50cfa5,Habitación,2,427,5,1,10,colapso,,True,2025-01-25 02:49:00+00:00
a6fa7472-f5b5-448e-9d88-85afdabf6bb5,350faca9-ee28-42f7-8a24-fac3a4e543dc,Habitación,2,71,2,71,57,,,True,2025-01-25 16:41:00+00:00
b15db6ae-be10-4724-950e-e83fe76e53f4,f9d4bb1a-8620-423c-b514-721614c9d63a,Hospital,3,111,0,17,68,colapso,,True,2024-12-19 20:05:00+00:00
4eb9aef3-daae-435f-9348-396c724ae794,198ac9ca-4e82-4d75-8d58-838ef5387a32,Calle Vacía,1,412,3,71,40,,,True,2026-06-30 15:02:00+00:00
4eee27a7-8e5f-4a4f-964c-a3b85e8e92ba,d7df78c1-204e-46b4-9303-f3b237d7b4e5,Habitación,2,159,3,23,18,colapso,,True,2026-07-26 17:25:00+00:00
0cc0d406-d421-47f5-9c0f-dee5c7ec1395,ab960bf4-75fd-44ca-8184-94b115b3e23a,Habitación,2,545,2,22,10,caidas,,True,2025-01-17 19:31:00+00:00
f7a179fa-8b61-436d-9330-5d9eca67c70e,2ca58df5-8378-4d07-ae89-9a78899d1242,Hospital,3,303,1,60,58,,,True,2026-08-02 03:45:00+00:00
0cdfe36d-72aa-46e5-b5c5-656542002454,4387734a-01b1-49f2-9ab1-8077a3320123,Calle Vacía,1,154,0,17,11,caidas,,True,2026-06-16 20:58:00+00:00
73dd0fc4-e8bf-41d5-9dba-7fdc5185d2b8,d40f7225-1942-4274-ab14-10eaf02a5338,Callejón,4,489,1,25,64,sobredosis,,True,2025-05-01 16:16:00+00:00
e42f821e-5a8d-4a01-b162-48291b63f92e,da0709fd-d160-4ef8-8101-8d7744141579,Refugio,5,474,0,84,57,,,True,2026-07-20 22:34:00+00:00
b28b8cda-0abc-4f93-9d0e-d828d98ae776,23282b43-f95d-41d2-807b-9141f4ca5134,Calle Vacía,1,428,3,75,3,,,True,2025-10-18 11:37:00+00:00
9804c3f6-bf7c-4feb-836a-d1f97fb962f5,8a179828-3798-4e5a-b4e9-41a28b949c56,Calle Vacía,1,465,1,24,15,enemigos,,True,2026-06-14 02:08:00+00:00
6b2c9250-8884-47cc-9a6a-a2109df0cdc8,e0d20f12-8788-44ef-9655-5880d5afd25e,Recuerdo,6,432,1,45,45,,,True,2026-08-02 00:25:00+00:00
c7629dc0-3f8f-493e-a488-f8a7e069b6a0,f5d51a36-7d42-4108-9bad-c64f7c6d3b28,Hospital,3,428,3,81,41,,,True,2025-08-31 18:44:00+00:00
8c61f477-34b5-4d88-9a09-5ca81ea15661,80489ae5-9e5d-4da3-9ffb-41d0f264086b,Calle Vacía,1,127,2,64,8,,,True,2026-01-03 00:22:00+00:00
6716afc2-ebc8-4351-b247-2456401d76a7,97733cfc-6625-406c-9c88-eea963539333,Calle Vacía,1,105,1,82,13,,,True,2025-12-30 22:02:00+00:00
feec1728-a051-4d5f-ae2f-4c8695ef6b8a,9ed24d21-fc9a-46a6-bb0c-051b450948ff,Recuerdo,6,358,3,17,51,caidas,,True,2025-02-06 20:54:00+00:00
e8084e69-7577-4fb8-ac4b-653504cf7823,a873deb4-33b5-455d-acdf-b9b44a31ef21,Hospital,3,526,2,6,43,caidas,,True,2026-08-01 12:02:00+00:00
001336fc-3726-4724-abc9-086fac411479,80cd097f-d3c3-41de-bb41-06b8885969f6,Habitación,2,147,0,12,52,abstinencia,,True,2025-12-27 22:36:00+00:00
31fa8b11-5faf-4582-8e68-e656d6d2aa4b,76d79ce5-6b6c-4307-b6f3-38c13fa00212,Calle Vacía,1,291,3,0,42,abstinencia,,True,2026-02-15 00:08:00+00:00
0c839a1b-660c-4e7b-9642-c2e5fb069a04,9d8f37e7-50f1-442b-b53c-0a7e7806876c,Calle Vacía,1,423,2,94,60,,,True,2026-07-28 23:50:00+00:00
2b119025-5373-442c-b243-d622a4f98158,103efc9b-6a4b-4866-ab62-83b8a78c69f3,Calle Vacía,1,325,3,72,90,,,True,2025-11-05 22:01:00+00:00
05f138e6-5b53-4e88-9531-9c29175f750c,21aa3c8e-e84c-4ace-a22e-96da608baea9,Calle Vacía,1,443,4,29,25,sobredosis,,True,2026-03-01 01:59:00+00:00
eeaf8083-e04f-4846-8cd6-497d362b6034,955cb43e-b885-4b40-97af-103adaf69a0d,Calle Vacía,1,161,1,4,30,caidas,,True,2025-11-01 11:26:00+00:00
3fb33a0f-70af-4378-9e66-130da716e740,e773400a-7bbe-48a2-9f62-26dc5ede62d9,Habitación,2,80,0,68,82,,,True,2025-07-11 22:35:00+00:00
687c2c80-9f35-431a-8056-b357916506f1,d6b87e30-ca6a-49b7-be49-53e3b2d6d64b,Habitación,2,78,5,61,6,,,True,2025-11-24 00:48:00+00:00
d89a036d-915e-4b7b-8ecd-bc14efea06fe,4b172166-d649-4e2d-91fa-d4f6b6c110de,Habitación,2,235,1,0,87,enemigos,,True,2025-10-22 18:25:00+00:00
a7cf6b92-5587-46fb-b3b6-7e00a14ac0d9,675b1a26-bcf2-40eb-afbc-61ca02186248,Habitación,2,262,5,21,7,colapso,,True,2025-07-24 00:57:00+00:00
9de767a2-d35d-4c4c-979f-64a659dd4b4c,f9751e9f-e11f-4a87-872d-2e5c1ecdcdc1,Hospital,3,183,2,21,30,abstinencia,,True,2026-01-23 11:02:00+00:00
34c83137-6de7-4bc2-bc19-0dd3749d781d,306027c8-7344-4fc5-a932-cfcd3c9c4731,Calle Vacía,1,539,0,89,90,,,True,2025-08-02 11:34:00+00:00
c42bfca0-654b-4808-a5b7-32940ca7cbf6,6701dc28-f504-4328-a0f6-80573649fe37,Recuerdo,6,165,5,16,37,enemigos,,True,2024-12-30 23:19:00+00:00
170d7faf-e2fc-4df7-827e-c05a59e58e1e,24c7cce4-4bb7-476c-a208-c5859ff16293,Callejón,4,145,3,65,98,,,True,2025-12-05 23:06:00+00:00
a0957337-d2d8-4860-b1e2-1f69859e4e70,3ff6e132-bf91-440b-816a-b1354637fd2c,Hospital,3,572,4,18,77,sobredosis,,True,2026-02-23 00:31:00+00:00
9ebd3421-7a28-45f2-8597-8a036a0a0434,4d6427ec-25a7-4173-a783-e36e539856c2,Calle Vacía,1,401,4,21,84,abstinencia,,True,2025-12-25 00:52:00+00:00
0ff429e6-012f-429a-b4a5-cabd46bfa514,6631beb5-022f-462f-8941-96a527545268,Calle Vacía,1,552,5,44,2,,,True,2025-11-29 12:09:00+00:00
0ea183a8-9356-4b36-bef5-a05bc608fc2d,36961a33-fa12-45ab-9b6a-cc4822ff305e,Hospital,3,460,4,76,56,,,True,2025-04-18 09:56:00+00:00
ccd672a7-c54f-452d-81c2-b11ea3fdbc97,eb30dc93-2af5-4c76-82f9-ec6561ae3c0f,Callejón,4,184,3,19,97,caidas,,True,2026-04-17 21:29:00+00:00
5869b34a-2b48-41d6-a934-af56f1db5a6d,6dfac9bd-e89a-47b2-aa90-671049589a6f,Habitación,2,147,4,27,30,abstinencia,,True,2026-05-16 23:45:00+00:00
f725776e-2a4f-4749-a962-878adb5afec3,eadbdf2b-999f-4202-a3b7-2117e58e24d5,Callejón,4,573,4,81,38,,,True,2026-07-05 20:05:00+00:00
742a3cc5-88a1-4717-a52d-764b91023a52,18410015-0672-4aae-b277-3816942420c0,Recuerdo,6,568,0,76,86,,,True,2024-11-23 01:59:00+00:00
8d9f9338-533c-4136-b5f9-682eb53a4761,a205731a-6fa3-4146-bcb0-deacbb458c71,Calle Vacía,1,228,3,46,49,,,True,2025-10-24 21:49:00+00:00
1136d37c-c996-4c65-8996-37217f63f5ce,adc6f634-f655-4b82-a0fe-c3701291dbb8,Calle Vacía,1,415,5,9,15,abstinencia,,True,2026-06-03 23:26:00+00:00
5facee30-6c39-40e1-a58c-55e65ee8bbcf,c4340050-9251-418e-8e77-c744983f7613,Calle Vacía,1,454,3,10,47,enemigos,,True,2025-09-27 00:27:00+00:00
8e2b3982-7878-4354-aa2c-0a91bfd9c83a,a09b0ee1-05e1-41ec-9a7e-206c5727a38e,Calle Vacía,1,508,1,4,91,caidas,,True,2026-08-05 14:02:00+00:00
acffa445-fb0f-4705-822a-0e4b74b62724,4252e977-ab58-4ff1-8627-b8a84b875403,Calle Vacía,1,184,4,59,75,,,True,2025-01-08 23:16:00+00:00
a21d2d0c-9530-4304-b024-20034959eef2,3432ac85-1c46-4f9e-837a-69f31f323106,Callejón,4,310,4,79,97,,,True,2025-11-08 22:18:00+00:00
27f92273-e0d5-4af2-a75c-e2b46c570a9b,74756dc6-0206-44bf-a0ee-af2686486b08,Refugio,5,537,5,4,96,colapso,,True,2025-05-09 01:02:00+00:00
8fd9b99a-bc26-4e78-a8bd-d8d7ed2cb61c,63beab55-a892-48b9-bc19-bdf91aa0e5a2,Refugio,5,95,2,11,94,colapso,,True,2026-06-06 15:27:00+00:00
ee40ebac-3d42-4d81-ba08-fcd7e8debf08,96231b8d-d3c3-46fc-ace6-8daa77f9dd9a,Refugio,5,278,3,75,74,,,True,2026-08-04 16:49:00+00:00
4ca33a44-2507-4422-aa79-2bc55c57a65f,43201c24-6dc8-482a-8bbd-bfccc01afab2,Recuerdo,6,376,5,46,52,,,True,2026-01-29 16:41:00+00:00
cdcc12dc-8fa7-4ec2-b08b-ff1534dba953,10eec6e3-511e-4086-bed9-92a9beb13e05,Callejón,4,300,3,27,91,caidas,,True,2024-09-28 18:04:00+00:00
8751c58b-86d2-448f-80ac-e7e352ef5944,30b46a39-d2a2-49f8-8fc4-90724ff2f38e,Calle Vacía,1,474,2,14,92,enemigos,,True,2025-06-18 15:34:00+00:00
2685789b-557f-4eaa-84dd-59dcfbe01d19,0711c590-0b07-492a-b7e9-ef5a2132e3bd,Calle Vacía,1,352,0,70,24,,,True,2024-01-23 23:40:00+00:00
7725470f-ec4d-452d-8035-a7f8ae575629,e02458bb-aca3-4a16-926c-d2cde27930dd,Habitación,2,389,0,69,27,,,True,2026-03-27 22:36:00+00:00
9c1fbeea-8cd4-4976-ba8c-85f24fc40bcd,4c090c94-a809-4802-90d2-d8b49156a636,Recuerdo,6,282,5,44,81,,,True,2025-03-08 21:49:00+00:00
483d3898-54f8-43c6-a707-3e586b40a9d7,bd2ee2c6-37f8-4bdb-ad7e-951248d53982,Habitación,2,423,1,23,83,abstinencia,,True,2025-10-10 10:36:00+00:00
54403b92-bf24-4eba-a907-342eefa1ec06,8bb5477e-ad11-466e-ab09-e8f6e6aa7a70,Calle Vacía,1,215,4,19,2,colapso,,True,2025-11-13 23:29:00+00:00
08715d55-0b19-48b6-b3b0-c366e7528077,cfb39025-aea3-44d6-9d02-091e4fe67c7e,Hospital,3,395,1,42,42,,,True,2024-12-13 14:57:00+00:00
81c558b6-76af-4e82-a279-3e0e2fe20c9b,9f1065a4-3e51-4d70-b97a-08b76c2c637b,Calle Vacía,1,297,5,8,94,abstinencia,,True,2025-04-16 21:26:00+00:00
b7fad1d4-2448-4d15-b60b-3a68f84f490d,87c30054-b45d-457e-82d1-2211b87d20e7,Refugio,5,553,2,19,79,enemigos,,True,2025-10-20 00:36:00+00:00
bc98579c-591b-4e9c-bfe4-2c45d506764b,bf882462-3dbd-4ff9-8cb0-0fc4a220a6e0,Hospital,3,179,0,23,20,enemigos,,True,2026-08-02 03:42:00+00:00
141873f9-abc2-45c5-bb9f-edc55f01232a,b6fd426c-e11a-4c12-b935-8a07725ebc93,Habitación,2,123,4,63,15,,,True,2025-04-03 14:46:00+00:00
c0b4fb2e-2ba5-4e38-8c7a-04546e7115f4,fd3e6edd-2849-4755-8585-da43723139b6,Calle Vacía,1,175,1,92,53,,,True,2024-11-11 21:51:00+00:00
842e23f9-b94a-4704-a3f8-f2860d6d4e0b,89911d11-3cab-4429-a48f-59f036d8ccd2,Habitación,2,79,2,14,93,enemigos,,True,2025-03-04 00:51:00+00:00
09381138-42cb-4cd4-9ce0-76ed75377a56,95210e2f-92f2-4d67-b939-89f8b5ff602b,Calle Vacía,1,269,5,64,32,,,True,2025-03-27 21:23:00+00:00
7bf2aa60-3397-42a6-86f4-c29b04c56842,fb7c4afd-51de-4307-bff3-cafd8f2e04ea,Calle Vacía,1,135,2,27,18,caidas,,True,2025-03-20 18:49:00+00:00
98de5bf1-a24a-49eb-a4ca-b6b0b7b97615,6ae1b3e9-af2e-4b5b-b74b-0ee1d0635087,Callejón,4,166,1,19,38,caidas,,True,2024-06-29 09:41:00+00:00
27c11a09-d516-4808-ba4d-08c0a66cec16,8d436cdd-bb19-46a3-8d68-62f7190aed13,Recuerdo,6,104,5,86,72,,,True,2025-06-22 11:36:00+00:00
c5e1cf4e-617c-4f65-a512-fa3529818cb5,c3ac810b-621d-4735-9e94-2f8b77d385b8,Hospital,3,583,1,4,47,enemigos,,True,2026-08-01 02:21:00+00:00
1b587ca9-c6ec-4e9c-893a-32045e1290b3,9618cc65-6580-4582-9e15-fa9266eaca14,Recuerdo,6,573,4,76,47,,,True,2026-06-14 22:55:00+00:00
e4297d3d-972b-4528-a443-144b75dcf6d4,6b1203b1-f1a4-441e-9d45-68d35eb343b8,Recuerdo,6,429,1,53,33,,,True,2025-10-05 22:52:00+00:00
b96c2e8c-45dd-4db2-b3de-d40c2ec88874,526bba47-2ff1-4dcb-93dc-7e1a8f3e6185,Calle Vacía,1,478,2,27,51,sobredosis,,True,2026-08-06 22:03:00+00:00
c593630e-bb81-4177-a090-05b924239b80,e9f389a6-6197-4bf1-ab83-e03bc0d67d1a,Calle Vacía,1,180,4,20,73,abstinencia,,True,2026-08-01 16:52:00+00:00
4c1ff80d-17f6-4a28-a913-8624f1c2c770,dc4b4ba1-c549-48f1-8a88-49691b7c52fd,Hospital,3,227,4,51,7,,,True,2025-07-06 02:36:00+00:00
f2b76a7c-1751-44aa-96ca-56bf9d33e21c,5821966c-1b92-497b-b33e-41c0b21e70fc,Calle Vacía,1,436,1,5,21,enemigos,,True,2025-12-13 10:44:00+00:00
233122ab-85b6-433b-af42-6e081f755c97,fb847148-4b22-43cb-ab48-a309e657935a,Recuerdo,6,357,1,14,51,colapso,,True,2025-03-23 18:48:00+00:00
36296a22-db9b-4bb3-8ecf-fc5ba0a0ae55,5fba3ec6-c297-4086-9b5c-e6ee32976e9c,Calle Vacía,1,204,3,44,38,,,True,2025-10-21 12:54:00+00:00
9b94948f-572b-485e-9286-753754f4f120,16934c20-8227-441d-85c2-5a3cdebe7ef2,Callejón,4,117,0,16,41,abstinencia,,True,2024-09-09 02:41:00+00:00
5e321f4b-e01a-4081-b5a4-69453e3fca74,94c991e0-6f8a-430d-b8af-8a3c8cd08653,Recuerdo,6,199,1,41,19,,,True,2026-02-02 17:36:00+00:00
c501ebaa-d7d3-4261-b34d-61f7a21f7128,97a1a9b8-a56f-4a34-94b2-f48ec7f7198f,Habitación,2,206,5,87,66,,,True,2026-03-18 23:38:00+00:00
65a9ae58-3dc8-4467-8982-604d1c6a3194,93dcd210-6120-4117-a077-d7ca153426de,Hospital,3,486,2,23,2,colapso,,True,2026-07-19 10:00:00+00:00
5fbebee3-fb98-4650-b138-a35fa32d592c,41f35035-b674-4d62-bd62-4c3b5cf05728,Recuerdo,6,443,3,12,54,caidas,,True,2026-01-23 22:41:00+00:00
d4e08687-8bd4-4526-b0d5-b5cff14e2e24,b48963ce-7598-42c2-95e3-666d9b722741,Hospital,3,485,1,4,11,abstinencia,,True,2026-03-28 17:14:00+00:00
c3ec7617-7266-4cd1-bca1-56e73028f366,b8ea3ec7-cf47-46a7-80ff-0755629152f9,Callejón,4,232,4,20,28,sobredosis,,True,2026-04-19 23:48:00+00:00
f92626dc-08bd-4dd9-8652-d466749a8ee6,d0c82837-5684-48a0-8512-a92ec1a45adf,Habitación,2,498,1,62,24,,,True,2026-04-18 01:01:00+00:00
1a4b6899-b78a-4e79-a16a-e5b36ba45ca2,b660a548-ba61-42e4-875a-19cfc93f088d,Hospital,3,230,2,13,18,caidas,,True,2025-03-11 15:40:00+00:00
0913e4b6-1be7-4cf6-aa68-acf25123b0a9,fc0f28b4-0ed7-458e-9707-e2e452a7ab52,Habitación,2,598,4,94,88,,,True,2025-09-06 01:37:00+00:00
db52aa4c-ba21-49bc-b0a9-3cd677913f20,e5ca89da-0454-415b-af7d-b33170db8f56,Calle Vacía,1,230,0,97,79,,,True,2026-04-28 02:08:00+00:00
7010a113-356c-42a0-abe3-04c4a03583d2,89a99abe-928d-409b-971e-e0fb81398eb6,Recuerdo,6,328,4,2,66,enemigos,,True,2025-01-20 19:05:00+00:00
dd1226ff-9374-464b-adb6-a58f6fd68d95,9d1005fe-a410-4bf6-bf00-99a32504a79d,Callejón,4,520,0,76,75,,,True,2026-02-10 23:51:00+00:00
9bef5353-4ffe-4643-a1a5-117a17e9611c,cabec597-00cc-48df-bc78-8728df8f6870,Calle Vacía,1,105,3,58,91,,,True,2026-04-19 12:16:00+00:00
a9aa805f-355d-437e-890e-7b7d95d28752,2dea41e8-0749-4320-b982-7b64f2816260,Habitación,2,210,0,29,4,abstinencia,,True,2025-04-11 12:46:00+00:00
5311d513-7d1b-439d-b6b8-05bd8e4dc3c3,7feb5839-f956-4608-9fe2-9e8516e8c7d7,Calle Vacía,1,468,0,23,80,abstinencia,,True,2025-12-11 11:28:00+00:00
2b474912-ee7c-48e5-ae03-a70394934124,811b4a93-60a7-424e-8a22-9bbb1d6c4d8b,Habitación,2,441,5,8,8,abstinencia,,True,2026-07-31 19:38:00+00:00
6d20ed65-8a11-4541-b948-51677e3c2e46,c26ac474-34fb-461a-8914-d10d62beab00,Recuerdo,6,117,4,16,43,caidas,,True,2024-10-10 15:19:00+00:00
f042ce21-d54e-4e7f-83de-43925c637aaf,47146a82-60dd-4d71-a427-4bd1bcf85a59,Calle Vacía,1,444,1,87,51,,,True,2026-06-26 21:20:00+00:00
3a40f361-5962-436e-b7d2-339dd7311905,5bb95b40-5267-4e28-a53d-615af718c159,Calle Vacía,1,525,2,49,21,,,True,2026-01-27 00:50:00+00:00
638960ca-d52f-43d3-9108-1dfb0afbadee,aa6249f7-f577-4271-bad0-5cd99f2651b4,Calle Vacía,1,256,5,60,65,,,True,2025-07-14 12:06:00+00:00
34c85c1d-63a5-4b52-b3be-6d37423f1364,ef2d3f61-f859-4906-9399-06dcd41c832e,Habitación,2,231,1,67,18,,,True,2025-03-04 19:22:00+00:00
8a04b89d-f817-4d95-9ab7-87676489d092,fd14b45a-786c-4fca-ace2-079c5f7ab492,Habitación,2,291,2,10,29,sobredosis,,True,2024-09-22 19:58:00+00:00
c573dcf6-c1ef-4b92-af7e-c614b8fc62f9,c9e6c09c-e6af-4c10-a2e9-0bc69bd0d312,Refugio,5,441,5,4,95,abstinencia,,True,2026-01-02 19:09:00+00:00
cd17fea4-6dde-4dcf-85c2-8d0866d591ab,47297e6a-1a7c-495c-8af3-82788de42833,Habitación,2,238,3,27,17,colapso,,True,2026-08-05 23:52:00+00:00
b66266f8-abe6-4559-9563-21a06de6e400,0398031b-6f2b-46e5-ac7e-a7a6154f6113,Calle Vacía,1,190,1,57,90,,,True,2025-11-09 12:43:00+00:00
a54afb64-eedb-4669-8564-0b6577fa6067,4420a87a-ffe0-434f-9737-de88d88b4a0e,Recuerdo,6,287,5,19,91,colapso,,True,2024-06-07 00:27:00+00:00
0651132e-4467-41f4-af34-233463f18bbb,8a0bffa8-97e5-494b-8ae6-2a2fe0b7a4c4,Calle Vacía,1,399,3,4,25,sobredosis,,True,2026-02-19 02:08:00+00:00
41888dc0-2945-4afb-9b62-c4e66df64183,e731f0c5-f4bc-49da-9377-6a585ea60e71,Calle Vacía,1,517,3,88,41,,,True,2026-02-16 13:03:00+00:00
d3716b4a-baf9-4265-af02-37806d59dd09,69a8598b-c071-41df-94d8-c0711a634a6b,Habitación,2,359,2,84,63,,,True,2026-08-02 22:10:00+00:00
3ef6a380-ac2f-45f2-8cba-9a94b250d800,bc818c72-fcbf-48bb-aa2d-87b1dc82797b,Habitación,2,514,1,71,52,,,True,2026-03-08 14:39:00+00:00
f48f253f-38bd-4ab3-817f-d07f8ac71f08,30ed4548-6a88-4368-94b6-8b4e29cc1ad9,Refugio,5,543,0,9,68,enemigos,,True,2026-03-01 20:20:00+00:00
77ec6172-bfe4-4c37-a773-d01bdc62fa23,e3275cd2-3cb5-4bba-af9f-89e81aa29e79,Habitación,2,517,0,14,12,colapso,,True,2024-04-17 19:28:00+00:00
5aa6d2c9-8edf-424b-b8d4-aad447056c94,8cbf0fa1-a973-4847-8c4f-c702d3c06b5d,Hospital,3,548,4,81,4,,,True,2025-03-06 03:35:00+00:00
a2698fed-1c3d-4283-923d-dfa16716f4df,d5bf7615-ef39-45dc-9d02-731ef25292ef,Calle Vacía,1,468,3,8,60,abstinencia,,True,2025-10-02 10:21:00+00:00
4e73c5e9-cdef-4dd7-bf79-c0924940f860,55de167a-926f-4adc-b509-faa18f22cf73,Hospital,3,342,1,63,22,,,True,2026-02-07 11:52:00+00:00
8e2c1623-868f-4d78-8b0e-6a62d26576d1,a97e9493-af37-4135-9ce1-84b9c1fd3d54,Calle Vacía,1,533,2,28,90,colapso,,True,2025-11-07 17:29:00+00:00
8c9d8eed-8d88-466c-b855-fc664396aee9,cf4bd3fb-07fd-4367-b420-f8f3300b46c8,Habitación,2,249,5,29,82,abstinencia,,True,2025-10-06 22:47:00+00:00
956abb59-5f7b-4a65-aa30-dca450c18cbc,d6e65399-ffe1-495d-b323-c766c29997bb,Calle Vacía,1,428,1,2,76,colapso,,True,2026-06-22 01:03:00+00:00
73c4e077-b376-48a5-9845-d6a824660bf4,6e704564-c3bf-4370-a421-f80613b73107,Hospital,3,374,0,23,38,colapso,,True,2026-03-25 19:02:00+00:00
31c11608-f2db-4a21-8f9a-2ae4d6069225,183796d6-976e-41f3-9c09-27f7204191f9,Hospital,3,489,2,21,64,enemigos,,True,2026-03-10 02:40:00+00:00
0534afa1-4c96-4f57-aa26-07a6fbe9b57d,52e40cb9-72b7-4aea-9f63-16f69fccc712,Calle Vacía,1,241,5,51,65,,,True,2026-04-30 15:50:00+00:00
62f552ec-43ab-42bd-92ed-d423bf1eaf79,5d0fda95-56da-4f7f-b18b-4509ebb482d3,Calle Vacía,1,378,1,7,2,caidas,,True,2025-10-12 01:48:00+00:00
35c6e293-6baf-40e4-bdb0-f9b3ccb7b70d,f2335d68-11ea-41a7-9d45-0ddfd13dab81,Recuerdo,6,156,1,3,96,abstinencia,,True,2025-01-25 16:07:00+00:00
c47b4ff9-7cdb-4bde-9eda-5d97271bdb79,ef09c945-c9cf-4fbd-9361-4eb0af4daf11,Calle Vacía,1,557,2,9,53,sobredosis,,True,2026-03-21 18:42:00+00:00
ea7c201a-4fe2-4c11-97bc-7e4523621d8b,9a41eb60-2e89-4412-94ad-f7ad0a0c7bf2,Recuerdo,6,471,5,9,66,caidas,,True,2026-08-03 00:10:00+00:00
1611e3d6-b7c9-464a-a85b-17cb994a9b8c,b7f7256e-69ce-4c68-a4a4-a429cffd48f6,Calle Vacía,1,110,0,43,17,,,True,2026-03-21 16:38:00+00:00
d175c439-e321-472b-85a3-d78625c84901,afd3f084-c313-4a2f-a1fd-c54c35378bcf,Habitación,2,281,3,20,81,abstinencia,,True,2026-01-10 10:49:00+00:00
f82cc8d8-923b-44c1-a550-487623962047,96af44f0-c13e-4066-8cf3-9727e2d5c830,Calle Vacía,1,412,0,86,2,,,True,2026-05-28 23:14:00+00:00
dec324a6-c357-4540-ae17-7dcf04466ae3,61c85505-af8c-4877-adab-324fd5c852df,Refugio,5,203,4,93,48,,,True,2025-05-13 12:17:00+00:00
0af92fdf-f0ed-46b2-ae40-9b293322871b,4c2547ea-4014-41aa-93c9-c0f8e4eb3d1a,Calle Vacía,1,378,5,5,0,colapso,,True,2026-04-24 17:22:00+00:00
c1360b9e-40d9-4a8a-b8a4-83a13f4cc4b9,64d35f0a-5eed-48c4-8d30-61713d218812,Habitación,2,245,5,4,74,enemigos,,True,2026-07-01 11:06:00+00:00
fe8e3c11-cdac-43f7-9e22-2a857031145e,df7e6165-20c0-467e-ab03-3d6d6d67b464,Recuerdo,6,384,1,56,49,,,True,2026-03-31 21:18:00+00:00
968060bd-d830-45cd-84a9-217e6737e824,4d53b0f2-07b2-42a8-891d-94b9f509a6f5,Hospital,3,163,1,90,16,,,True,2025-04-19 23:22:00+00:00
853df9a9-81f0-48bb-924c-7609fd402838,0ab9c1f6-cd6c-4f6f-aa62-ecb161688719,Calle Vacía,1,418,1,56,58,,,True,2025-12-28 15:47:00+00:00
1c874dca-93ca-405f-97f1-e79ebd9084ba,2fca6fbc-427b-4249-9eab-5429656ebcfa,Habitación,2,438,0,94,27,,,True,2026-01-31 01:02:00+00:00
6dcfdea3-6c99-4560-9aaa-f432ff231ece,61d12df9-6ed3-42fe-a4ec-c79b1afc8880,Refugio,5,223,1,22,11,caidas,,True,2026-01-09 15:18:00+00:00
cb50f6d5-e655-49a0-b40c-aa5c7675c621,88252954-d222-4a6f-b298-37e750c8d498,Hospital,3,518,1,70,49,,,True,2026-08-03 17:41:00+00:00
dc5e8317-a10a-4ff5-b563-ad9efdd595a3,3d8435fd-b8b2-406f-afcd-8c989e6ed5bd,Calle Vacía,1,298,1,19,5,colapso,,True,2026-08-06 15:32:00+00:00
14a2cb80-6c5e-4b4a-a5a1-dbfc5306836a,31f7035d-0e05-460a-a68e-c8bca5f5b2c3,Calle Vacía,1,391,1,28,24,enemigos,,True,2026-06-28 22:55:00+00:00
8b615600-7e28-43ab-8bae-091bac0d8984,d0b61379-c8a8-486b-98b2-0ed6501fd506,Calle Vacía,1,440,4,55,83,,,True,2026-08-06 11:22:00+00:00
5ea6ddcf-ff9d-4069-9658-e6ac1c7f43e4,b4f77b48-c1d0-4826-acbe-d7aae25b13da,Hospital,3,338,1,23,19,enemigos,,True,2025-06-25 20:08:00+00:00
3c4d7332-472e-4e7a-94e0-af3a3ed32341,292aa9eb-4acd-4e1b-b14e-7537aab56062,Callejón,4,193,0,83,21,,,True,2025-10-31 19:28:00+00:00
9d11dc4a-4b82-4288-ae12-245a1a3cb699,26bde341-8c38-4237-a205-ee8f2f19f6d3,Calle Vacía,1,136,2,24,84,abstinencia,,True,2026-01-23 02:01:00+00:00
b9fa31d5-04f1-4625-b382-616f33bae21b,0be3b494-65e6-458b-8dd3-5ad5f13a59a5,Habitación,2,80,5,65,18,,,True,2024-05-06 21:35:00+00:00
92c3b849-38b7-456a-a69c-3855a499adf1,2f18a7c8-5c82-4bb2-a61d-7a77d1b86d3b,Calle Vacía,1,347,0,7,62,enemigos,,True,2024-09-11 12:07:00+00:00
770bec08-b140-4855-b77f-b1daf9f1a8e5,351240a5-6266-4489-84d8-562d46470d79,Callejón,4,360,4,66,98,,,True,2026-04-30 18:46:00+00:00
f89859e6-b248-44ad-a8d4-4c2ecd7bbfac,0011bbe3-3e63-43e2-a753-4df986d81aa4,Calle Vacía,1,577,5,88,93,,,True,2025-12-22 01:10:00+00:00
a100c1f0-b9f6-44ba-9f85-4fd7e12f35cf,c6be708b-0db3-4078-921c-df9f84a92fc0,Callejón,4,488,1,86,44,,,True,2025-07-26 22:13:00+00:00
63ea3ef5-5492-4f0a-9e3d-d53a473ea0ed,cd521324-8507-4f00-b07d-b541da947506,Calle Vacía,1,357,0,51,59,,,True,2026-02-06 00:16:00+00:00
2fe0933b-8448-4d73-af32-e7d73b46df84,d8e7575d-f725-4368-b559-268af73d7a7f,Hospital,3,103,2,61,20,,,True,2024-12-29 14:28:00+00:00
b3cd8d21-c7aa-4dba-ab5c-81991691ab47,242fdd0c-97d2-423f-8e4a-61d0c62f11a6,Recuerdo,6,136,0,40,59,,,True,2025-04-12 22:59:00+00:00
ff491bba-27b5-43b1-b2b8-f8b939375216,cd2aa8b4-7968-4fbc-8f7d-52c6f13f904e,Calle Vacía,1,232,5,56,89,,,True,2026-02-19 23:41:00+00:00
67ca8e7a-62f1-4342-bd39-a8c5954a689b,5997d300-e069-4ee5-820f-c20067c2b7a9,Calle Vacía,1,279,1,13,99,sobredosis,,True,2026-04-20 23:50:00+00:00
5ab53e40-e21f-430f-b70a-2fed89b47ad2,e302a8a0-3011-4788-b45f-2968eccee29e,Recuerdo,6,219,4,10,63,enemigos,,True,2026-04-24 18:40:00+00:00
3033bd17-0e8e-4525-a449-3355ff22fed2,01dd29d7-f6c4-497d-b084-9548b306f171,Habitación,2,219,5,84,21,,,True,2025-06-10 02:39:00+00:00
23c9ef76-b3d2-49b8-9065-c55ecca82dc0,2f760223-c500-4de4-8025-a9086573530d,Calle Vacía,1,218,2,25,41,colapso,,True,2025-05-04 17:18:00+00:00
a4714d87-d6fe-4ee4-bc79-a50ed784ef64,3e7e5684-99ba-4a9d-accb-a9e70e07ef60,Calle Vacía,1,499,5,17,37,caidas,,True,2026-03-18 20:18:00+00:00
fb8afacd-0219-4613-9561-a038c8d890d4,bd702596-243f-42f4-909e-7a9a85985153,Refugio,5,481,2,8,14,colapso,,True,2026-08-01 17:51:00+00:00
1a74ec41-32ee-4f32-b6e1-71484f6a1848,a2e303ef-2e16-42dd-8a1d-2fb9357b3047,Habitación,2,210,1,26,65,abstinencia,,True,2026-08-05 22:16:00+00:00
c0e42af1-d61e-41b5-92d8-add49b09bf10,6b1387c8-eca9-4cb8-b520-ab7b17fc6e2e,Habitación,2,157,0,14,83,abstinencia,,True,2025-12-02 20:42:00+00:00
7de41d19-f9ef-478f-b1e8-3dd6a83dd38c,6e4cb7b9-d9ca-49cc-9b30-e3c7af5cb983,Calle Vacía,1,258,0,17,73,sobredosis,,True,2025-07-22 01:29:00+00:00
c401ceb5-dccc-496b-9678-356e6396acf9,3b139392-bf1a-47e4-ae4b-531b4098c9e5,Habitación,2,205,3,25,16,caidas,,True,2026-07-14 11:54:00+00:00
9822b8f7-b49b-4768-a78c-3db67aed0713,e6b24d6f-4c7e-40f4-b750-909c5cf29d3c,Recuerdo,6,75,0,40,38,,,True,2025-12-08 00:34:00+00:00
0baf79c8-2685-4ccf-8842-6a3980f2704d,fbec7879-eb6c-4493-8179-a2a967e06d3f,Calle Vacía,1,286,0,15,93,caidas,,True,2026-03-16 23:08:00+00:00
5cae2a5a-3bad-4bf8-bcc6-c9614c323a71,6ed93bcd-1b3c-4771-a906-28ba5d351954,Recuerdo,6,581,1,18,53,caidas,,True,2026-05-31 02:39:00+00:00
1ceacc29-63a4-46ff-a6b3-bb57637de132,f71ed5e7-a122-4df5-8443-7d078fcb8aa4,Recuerdo,6,199,3,68,95,,,True,2025-10-05 00:10:00+00:00
618f7d5f-338e-41be-92c2-339c27c4137e,e160fa3b-46a4-4313-95f8-7c6fc87c5153,Calle Vacía,1,584,1,6,1,sobredosis,,True,2025-12-22 22:02:00+00:00
ac65ce0e-665a-4a9e-8b11-34e9614245d0,7e1909ff-426a-45ad-87b7-39718ce08826,Recuerdo,6,428,2,11,5,enemigos,,True,2026-01-15 14:14:00+00:00
ac5a9315-7d2e-40a7-8a5d-33c62046ffe2,a9550173-57f0-43d4-be69-a85e4fcae72b,Hospital,3,578,2,89,97,,,True,2026-08-03 12:56:00+00:00
3d39ee8e-a696-45b5-a439-be23feff9127,9f7e09ad-b7b0-492e-8d0c-b2a8cb25de74,Callejón,4,327,0,29,49,colapso,,True,2026-08-03 13:31:00+00:00
81206572-39b2-4e8f-94a4-13616e39090f,dab2c731-5f46-40f8-bd2f-cd02a6b01765,Hospital,3,486,2,23,72,sobredosis,,True,2026-02-01 22:05:00+00:00
2f61fcf1-0e25-400b-a276-cc776c51c1e6,0dc7f931-7daa-4741-8418-8c367c24a9b2,Habitación,2,386,1,78,86,,,True,2025-03-01 13:48:00+00:00
974d120e-be78-4c6f-8b21-8a758452bbc6,2a62210c-ba8c-4d7a-ba72-57a201e495b5,Calle Vacía,1,208,0,84,97,,,True,2024-07-18 22:11:00+00:00
16d880de-a651-4056-ac55-3a2f0406f7da,95e59624-7c1e-4dd7-a30c-633b147ef6d0,Calle Vacía,1,515,5,83,19,,,True,2025-04-28 23:17:00+00:00
ff78c039-481f-428d-9e23-09e8eb5f5c4d,4f532f1d-498b-4d35-a9dc-d4d08dac8fcf,Recuerdo,6,137,0,22,95,enemigos,,True,2026-03-27 02:44:00+00:00
adcfb1a6-047a-4db0-90ec-cd738043ddbc,1afe2c2b-b9fc-4855-aca3-f747e6fc1bc0,Habitación,2,528,4,57,8,,,True,2026-08-02 21:05:00+00:00
7aba8f53-0b47-4f8c-8617-6a9a1937d10f,06c696d2-a14d-4146-9b75-75fb843862a4,Hospital,3,301,2,27,26,sobredosis,,True,2025-04-06 21:02:00+00:00
09d94fbb-4704-43d3-b004-8a499a36bc8e,b84de406-58c4-4962-8f94-3ed87ffffdf1,Calle Vacía,1,461,3,11,11,abstinencia,,True,2026-03-08 22:50:00+00:00
7803a7dc-b86b-4e22-8c9c-0e93d7e09c6e,6d0df30f-8fd8-4829-9506-785ec74797e9,Refugio,5,126,1,18,95,abstinencia,,True,2025-03-19 11:09:00+00:00
9b9c3f95-c5a1-4822-af13-1078c54562c2,78ed5c79-1996-4444-a73a-84019cdfef9f,Calle Vacía,1,473,3,21,38,abstinencia,,True,2025-05-12 20:49:00+00:00
c92f5cb7-6269-4958-b5da-f9b483ffd4ed,9d1f7dce-65dc-42f8-97ab-89635662b55a,Recuerdo,6,519,5,79,94,,,True,2025-05-29 22:01:00+00:00
b1a4b397-f683-4aa2-aeca-f9dc0ce44d6c,e862a6d8-ba46-4800-8348-df71c1a812ad,Calle Vacía,1,527,2,3,13,colapso,,True,2026-05-26 22:08:00+00:00
56b305a4-0656-450f-9b36-dad9ff29d701,e7f5507d-081b-4550-8f5d-81403e0925ce,Habitación,2,538,5,12,41,sobredosis,,True,2026-05-30 21:47:00+00:00
ca524e5e-dac9-4059-a362-e3c2943fd3cd,97d43cc9-2e7b-4070-9a54-f549c27ceb9b,Calle Vacía,1,489,5,10,54,colapso,,True,2026-04-11 23:50:00+00:00
c4177f8c-2ff9-4f20-986e-a3eee5897060,cc8991dc-b9b1-4526-bc1b-1c5f0e0d1928,Callejón,4,511,1,88,69,,,True,2025-05-23 18:58:00+00:00
820cec88-ff92-4aca-b357-a4c03d065b91,6e069802-bc8a-4f01-8e43-ca5542cc8ed5,Refugio,5,599,3,68,68,,,True,2025-03-18 20:37:00+00:00
0d71feae-52bc-4464-bb39-16117b987326,75b53059-afbe-4c8a-b159-4c51129616fb,Habitación,2,229,0,59,22,,,True,2025-07-27 23:58:00+00:00
c677ace6-ddd5-4feb-89c0-0c5b0168af3b,a786c74a-db37-4ca9-873b-7be7e0d3fca2,Callejón,4,214,2,67,71,,,True,2026-08-03 22:15:00+00:00
eb76eee3-db18-49dc-87e2-e8b9f42d6710,cbbdaaba-0cb5-4001-b082-d7366f9a73d7,Recuerdo,6,582,0,87,47,,,True,2026-06-27 20:25:00+00:00
92f35dd7-28d7-468c-8cd7-b8d29fa2394c,f8e9d587-7b2c-4aac-9cdd-25f35004f41b,Callejón,4,510,2,3,33,abstinencia,,True,2026-02-15 01:28:00+00:00
37333bf8-b655-4572-bf9f-2808ff16404e,e8fbbde9-3b7f-4654-bf27-2d55cc002759,Recuerdo,6,301,5,85,96,,,True,2026-06-13 14:52:00+00:00
65a40a12-b646-471b-b18c-fb13e412b7f7,ad2cfca7-4ea3-4ffc-b4aa-8200a845777a,Hospital,3,385,4,27,58,enemigos,,True,2025-10-16 19:15:00+00:00
170db2e7-12fd-463e-be7e-b62efce70df6,f61d8743-f42f-4970-9046-d4b7f884c56a,Calle Vacía,1,67,5,86,82,,,True,2025-06-01 22:32:00+00:00
1cb4234c-0b8b-402e-8fc2-dcd305d87587,b1412e21-1a4f-44f6-893d-105a3fe2978c,Habitación,2,256,4,91,36,,,True,2026-03-19 13:22:00+00:00
d3d3a52a-8f04-4e23-852c-3cc2da82d89b,60109408-75c3-4420-98bc-396acf680dcb,Hospital,3,592,5,25,52,abstinencia,,True,2025-10-28 23:11:00+00:00
fb89ba46-eb48-4da0-aaea-6196ab442b93,9cf5fd86-dc08-4c81-aa9f-0f2adfd751ab,Callejón,4,150,2,40,39,,,True,2026-03-06 10:29:00+00:00
34c6ea15-267c-4d5d-a676-1d2aef979365,c76a2652-fb45-44d0-9ab2-14bbe2ac3228,Calle Vacía,1,202,1,20,95,abstinencia,,True,2026-03-17 22:00:00+00:00
3e1df8fe-d625-47d3-ab47-ec5178b39661,35087de6-0227-4ff4-bb87-afb0c886e0f3,Hospital,3,523,2,85,28,,,True,2026-08-01 17:32:00+00:00
a9b6f67c-3b68-4b8c-bc0b-3602d55bd1c1,4ddb6806-a340-43c0-a534-1c626dc07f87,Calle Vacía,1,446,5,96,25,,,True,2026-01-26 02:26:00+00:00
ba3522e7-3d39-42f6-a3bf-dc29fa0b02a0,6662651c-eb8d-4e0f-9df9-94b58f829711,Calle Vacía,1,281,5,96,59,,,True,2025-11-01 13:05:00+00:00
7611e1b4-401e-41c1-b037-9c1ba8cee2d6,848745cd-949e-45de-b801-209056479098,Habitación,2,405,5,12,34,sobredosis,,True,2025-11-30 17:02:00+00:00
396873e6-fb59-4c3a-ad8f-1fd1ea274885,9c982e5f-1015-4e49-a9f7-21b84ae5a631,Refugio,5,221,0,13,29,caidas,,True,2025-09-29 20:40:00+00:00
560b2e56-0a84-4b85-9a24-16c8fcd87cee,3b3ac1e7-8f01-4e39-81ab-975ac0e96128,Calle Vacía,1,581,2,27,89,colapso,,True,2024-11-01 22:34:00+00:00
065106f7-86e5-4df2-8597-0c45c2e8bbb2,7c455b33-d18b-4315-9cf7-0251e4e1468e,Hospital,3,391,0,3,31,enemigos,,True,2026-08-05 21:49:00+00:00
2fcdbab9-cd01-4096-93c6-d86dce815946,d645077d-fa74-41a1-9318-5b66f64c7466,Calle Vacía,1,153,5,78,79,,,True,2026-07-16 11:00:00+00:00
fa1dfa3e-64aa-46ba-b0b9-36a60a3cb971,019f7efb-1d7c-4753-b824-711cca62c23d,Habitación,2,347,3,71,66,,,True,2025-06-06 21:08:00+00:00
11d581dc-4ad6-4dbf-b2db-0e992cd23a55,2d59a156-4b6b-4bd4-8dc6-8e44b92cbd69,Habitación,2,342,3,84,90,,,True,2026-06-13 21:29:00+00:00
cb5868c8-49a2-4fd6-9b19-92dadc97c0f5,7ec90694-4bea-449c-9a29-0540a41ab523,Calle Vacía,1,168,2,16,45,enemigos,,True,2026-02-03 20:50:00+00:00
d0855a09-0609-4158-85c4-109fe37c795e,7e64bef6-a891-44dc-8e78-bf7dffbd3ee6,Calle Vacía,1,403,3,87,40,,,True,2025-01-23 15:48:00+00:00
c5da1653-80d9-47ba-a38b-28110eb8bfe2,faafd11e-d629-4191-8502-ed4d41c7334e,Habitación,2,428,5,2,51,caidas,,True,2026-03-08 19:43:00+00:00
ec72f435-18c5-4359-a3c1-2632f6a3b29a,0f2ace88-80d6-41cd-be79-da9e2c4192e0,Recuerdo,6,461,1,29,79,sobredosis,,True,2025-04-12 01:50:00+00:00
0eccc7b8-613b-4f5c-be83-72556bdc2883,9db48368-63ae-434b-82b6-92f22655bcfa,Hospital,3,323,2,65,27,,,True,2024-08-21 11:36:00+00:00
03eed9d7-5980-4784-b48e-fb1f6fce47ce,757fc14b-e6a1-4e66-83d5-72a3d0b1fed3,Habitación,2,325,1,58,55,,,True,2025-07-09 18:50:00+00:00
f74615cd-48cf-4325-8ec1-6d50ea28fb87,37eb2aa8-66a0-49d1-9850-633c921dde7c,Callejón,4,572,4,18,3,enemigos,,True,2025-07-27 20:28:00+00:00
f9273146-fe85-4824-8036-cbe6789043fc,e778506a-5595-48ec-ad7e-49e54f57ddea,Hospital,3,82,5,90,51,,,True,2024-09-06 12:18:00+00:00
fa544d90-7c87-4277-9083-008215e96d5a,f9d39959-4b5d-4500-9c41-574d7c31e557,Recuerdo,6,320,3,16,27,enemigos,,True,2025-08-18 20:42:00+00:00
80196e54-456a-42ff-a68c-bd9e799bd6f7,90d1abf6-942a-42eb-97ec-e2956f2887ed,Calle Vacía,1,595,3,4,10,colapso,,True,2026-01-03 21:14:00+00:00
4163c7c1-1cd0-41cf-a4ad-88c38de77794,5ce405ec-edcf-4ca2-8954-7695d08a4ba0,Recuerdo,6,228,5,77,5,,,True,2025-05-27 01:56:00+00:00
fe3d60a7-6588-464d-8069-635beb4ca2cd,adc2ff3b-b0c6-4751-abf9-e5848c075077,Hospital,3,475,0,11,91,caidas,,True,2026-03-15 18:50:00+00:00
fdbb2193-6882-4035-8fa4-a75c0139b9c6,44dd139a-7459-4311-93fa-72292322881b,Calle Vacía,1,100,2,93,8,,,True,2024-11-20 21:58:00+00:00
b3de6e71-314f-4e99-8080-e2b7c9c1a114,21ad58cc-4c1e-43a7-bf81-d3c44c6ce6a3,Calle Vacía,1,194,5,16,63,abstinencia,,True,2026-01-03 14:09:00+00:00
c4f45fa7-fb8e-46f9-9291-4421e1137743,3e2e436a-00d6-418e-9f11-1a50f262de98,Habitación,2,101,1,1,40,colapso,,True,2025-04-11 14:36:00+00:00
590c1ad6-6617-4ce0-b12d-3e288a6d4a74,36821594-87e0-4ee6-8fa9-db17e41e2b57,Habitación,2,592,4,10,64,sobredosis,,True,2025-06-03 17:34:00+00:00
016fd000-f7a1-4439-99a9-6ee5815bad2b,b0cc9a71-9556-44a2-ab8b-be1c0a0a9c9a,Hospital,3,115,1,12,9,caidas,,True,2025-02-28 20:01:00+00:00
12a58a50-2618-4772-a7fe-ef143968efc7,930171da-b8b7-404d-b92f-75266247aae9,Calle Vacía,1,438,4,5,16,abstinencia,,True,2025-04-29 00:40:00+00:00
71fffc4c-b596-4434-965d-e3cbff696681,58eb4292-5452-4778-9fc1-718aa5e36fb7,Calle Vacía,1,60,2,6,78,colapso,,True,2025-02-20 18:22:00+00:00
21e405e2-fda6-461a-a00a-92b27c204117,b778c223-ebc3-4152-8375-02692f292d92,Calle Vacía,1,116,0,29,19,abstinencia,,True,2025-01-24 20:01:00+00:00
cd047fd8-52da-4296-b91c-9da2b0cd06ab,b6f0912c-ae50-4ab1-b090-ceb512552ba0,Hospital,3,211,1,98,58,,,True,2025-12-09 11:47:00+00:00
5b269fab-e67e-44d8-a8bb-93781ab26253,f6e0439e-3f1d-4e13-affa-814333db6823,Habitación,2,577,0,81,80,,,True,2026-05-15 12:31:00+00:00
f8f4e207-4c38-48cd-8fcc-3c0a0e576018,11253d50-d5c5-4683-89ca-81ae55497ba1,Callejón,4,378,2,27,70,abstinencia,,True,2026-03-15 14:20:00+00:00
d4886e42-df5f-4be6-9e9d-6174416959b7,99024ab6-a5bb-4f35-883f-f7650ef1d9e1,Habitación,2,532,5,19,91,sobredosis,,True,2025-10-11 16:08:00+00:00
c100a4cb-f0e9-4004-bb62-33056278472b,958fa13d-2592-4347-a16a-d12ced7cfd47,Habitación,2,381,5,77,61,,,True,2026-01-02 23:25:00+00:00
96dc79f2-32b1-4ae1-8401-6440e6770c60,bd87d0d5-3712-4352-b5db-a4fb4ebfdfba,Calle Vacía,1,313,3,53,67,,,True,2025-11-16 03:28:00+00:00
114fc8ab-aa17-486c-a169-97c6c7bf29b4,a4cacf6e-605d-4e1b-8f3c-a8ba6460706c,Calle Vacía,1,138,3,72,10,,,True,2026-08-04 01:54:00+00:00
1e345c8f-6a0d-4473-b0d8-f525e56b7a5d,be3845c8-aef8-4414-9472-013940b64e7d,Hospital,3,209,2,54,38,,,True,2025-09-08 03:47:00+00:00
acc36808-4f7d-454b-84b9-3220f25c13af,447b3e30-80ea-4402-88b7-4f303bd81603,Calle Vacía,1,582,4,87,0,,,True,2026-06-13 23:56:00+00:00
089abd77-8f6b-472b-a99b-d1d40616947e,807edbe4-0171-4d36-9395-d8e5e8959e0e,Calle Vacía,1,355,0,5,58,colapso,,True,2024-11-08 22:33:00+00:00
fa778e98-8c24-4f2d-afa5-5ea56374019e,6e5fef03-7cd6-4dd3-b72f-7e24053b9c7d,Calle Vacía,1,93,0,7,32,caidas,,True,2025-12-13 15:32:00+00:00
7cc1ccbc-955c-4fff-9ede-58bb0c0e842c,a6ec764b-bd5e-4bd0-8234-24a129e57f8e,Refugio,5,84,3,6,33,sobredosis,,True,2026-08-02 17:02:00+00:00
67c7206e-6c97-44f6-8b30-06eff7cf864f,0b2dcc48-82b7-426c-b5b5-0cfbe6570277,Callejón,4,310,3,84,30,,,True,2024-08-04 09:59:00+00:00
4ca2523d-c622-4343-a5af-f8df7032e879,f9697a8d-b8f6-4f7d-993e-e10643d1a9b2,Hospital,3,381,0,14,74,abstinencia,,True,2025-03-25 15:11:00+00:00
f82104f0-402c-4472-b1f7-ca6133747b25,052616dd-2f00-4492-a2cc-90eed473d056,Calle Vacía,1,74,1,22,72,abstinencia,,True,2026-08-01 22:16:00+00:00
f8395ed8-566b-4ccb-9daf-a210acee3eb7,7049d767-dbd5-4cd5-8ee2-8bd37d5630f4,Habitación,2,128,2,20,62,enemigos,,True,2026-03-13 02:33:00+00:00
d8e428c3-f31d-4d68-99e1-4db4984baa13,8eccf888-a787-4de8-9689-6bd4f5b3ed6a,Habitación,2,394,3,8,69,enemigos,,True,2026-03-20 22:40:00+00:00
0a508f4a-03bc-4526-a3b0-395da6092d3e,9d1d765e-2852-4eca-bbf9-7f9a11d4f527,Refugio,5,220,0,23,7,caidas,,True,2026-08-03 04:15:00+00:00
f34eec8e-dd68-415c-8f65-62618c5eec5e,1d415e27-20a9-4c32-98c2-c4af1bebdc20,Refugio,5,535,0,9,13,sobredosis,,True,2025-10-01 18:20:00+00:00
37074307-f8ab-4246-a54e-d6f80539ecb2,ecdfef6e-1c1c-4c32-9d82-5a5b3959f175,Hospital,3,201,0,22,74,enemigos,,True,2025-12-02 00:30:00+00:00
e4a7e348-5799-4c61-a413-fedb30cc1ead,bd70b19f-929e-42eb-b379-baf995c38a6d,Hospital,3,397,0,5,95,enemigos,,True,2025-12-20 17:03:00+00:00
61ce1c43-0399-46c3-a88d-fbf0e10277cd,7356844f-c4d8-4b5a-b751-d8cc21c340f6,Habitación,2,594,2,29,27,sobredosis,,True,2026-06-15 00:53:00+00:00
f990a6c1-151d-43a1-8862-5d5e90b6c3e6,8a52f974-0e58-48ee-a3aa-b5b2a9adccda,Calle Vacía,1,328,0,11,64,caidas,,True,2024-09-25 23:04:00+00:00
b825f722-a853-421b-a7b1-f7e678c98228,a5635089-3513-4a9d-a54e-cd9b298ec058,Hospital,3,370,1,23,99,caidas,,True,2025-05-09 14:36:00+00:00
f2d73899-e4f3-4681-9121-f856df2dfc89,ce06c88a-8f5f-4f4a-ac0a-c175a062fd91,Calle Vacía,1,584,2,8,63,sobredosis,,True,2026-01-09 21:08:00+00:00
bba00ceb-de79-4d04-9680-51163f8a5a10,2dd80f5d-0e5b-4d12-b240-02cf3d76d043,Calle Vacía,1,457,3,99,93,,,True,2025-07-28 19:41:00+00:00
d24df055-6e4d-45fe-bf26-45181d5a7a61,1b12814d-623b-4f2d-ab95-ac4898be502a,Calle Vacía,1,374,3,81,60,,,True,2025-07-31 18:09:00+00:00
7788d49b-efed-47e4-8a5c-af5ce54472f1,560f95d0-32b3-494b-a43c-f380436ff850,Calle Vacía,1,559,3,81,74,,,True,2025-08-28 22:42:00+00:00
8089f8ca-b578-42a4-a496-8dce1d2eb8d2,90561cc0-a4be-414c-8b51-b2d1a3e350c0,Hospital,3,205,0,80,68,,,True,2025-04-04 20:52:00+00:00
8045506c-f1aa-4f28-a054-5cb1562be335,34abbf75-2dd1-4579-a774-a9d879ca2df5,Recuerdo,6,183,4,73,71,,,True,2025-07-05 22:22:00+00:00
699f8879-9891-4e89-b099-fd98c5145842,3132d732-0ea3-4d93-bae8-7cc40450c12e,Calle Vacía,1,198,4,22,85,enemigos,,True,2025-05-16 19:01:00+00:00
e1b10ca9-eb10-422e-80ab-affd4610a3bf,18ad3e68-ae7d-4d4b-8b14-f56d2fd8ad2e,Callejón,4,541,5,65,26,,,True,2026-08-02 17:20:00+00:00
77b3e1e5-eaa6-4f86-bbe8-91516169b4e5,16717ca0-7ffb-465f-9b0d-65ddb770cf6d,Calle Vacía,1,461,0,23,89,colapso,,True,2024-07-28 01:25:00+00:00
2d823cf5-6e8b-4b49-a26c-78ff104e8238,20d2beec-b15e-4082-9809-715c87cc6c22,Habitación,2,337,2,4,85,enemigos,,True,2026-03-28 04:28:00+00:00
e4a2f216-80bb-4aa2-9b1a-7e71d08e9ca8,f58c3f99-57af-49bb-91ab-0a80ecd2d29e,Callejón,4,355,5,55,27,,,True,2025-09-17 17:50:00+00:00
fe295c83-e7bf-48d2-8dff-6d13702a452b,90e423bb-327a-43b5-b347-f335bedcc0f6,Calle Vacía,1,63,1,52,37,,,True,2025-10-24 02:23:00+00:00
66aa2bc4-c336-4051-b4c6-5d3cda377c1b,762c47fd-1717-46fb-9934-f9fd9dc5c422,Refugio,5,133,0,15,99,enemigos,,True,2026-08-06 15:07:00+00:00
6422b48a-6b84-4170-98e8-6265a393cb1b,4d253c4c-0b14-4c69-a336-67ee0f392276,Recuerdo,6,101,0,96,79,,,True,2025-07-30 22:11:00+00:00
0ed49698-b123-4209-9bc7-aac9ef41eecf,ab154372-98c2-4f62-b43b-8cb60287036e,Callejón,4,146,3,26,80,abstinencia,,True,2026-03-27 14:40:00+00:00
f3d69dbd-76f4-421e-ad4c-a957ac8dafc1,5d479b2a-887e-42c5-b5bd-ca7ea344c4ea,Hospital,3,135,4,69,63,,,True,2025-04-19 17:14:00+00:00
947ccf33-e90b-43e6-8159-e200fb8ef5a2,aa49f045-154e-4fa8-9f92-fcc7b6877b07,Calle Vacía,1,418,4,77,94,,,True,2026-01-16 21:34:00+00:00
9fce7f68-6f2f-465c-b95c-a664a4bd8f17,eb00a01e-827d-417d-97c5-4fd0a472b26d,Calle Vacía,1,412,0,6,87,sobredosis,,True,2025-07-20 21:55:00+00:00
4284635a-dff8-4d98-9ef0-3961f4b13acc,e8105376-0458-4d4a-b26b-ca139dfe5b23,Recuerdo,6,451,5,48,54,,,True,2025-11-23 00:13:00+00:00
84afc571-f99f-42ef-87d9-c241c0bc7839,9e00e718-cecf-469d-854b-51022ebc055a,Hospital,3,595,4,9,21,enemigos,,True,2025-07-29 00:03:00+00:00
2214c80a-00f7-424e-96bd-fb40ff8ec198,41f18451-927a-49fb-857c-73db4e226d4a,Recuerdo,6,346,5,100,81,,,True,2025-06-07 23:55:00+00:00
b3c04532-76f1-48d4-8e34-a66be73aab86,dae0e647-ad03-4d0a-9cea-0de1ec428d47,Hospital,3,133,2,22,70,colapso,,True,2026-07-05 00:19:00+00:00
3e5c77ca-a2c4-4789-b928-3820879d5be8,0adb40f0-b131-4560-8f2c-6fb9abce37a4,Recuerdo,6,585,0,63,97,,,True,2025-12-16 03:35:00+00:00
c7efe868-919a-482c-8e1b-346206dc6049,9a736b81-653f-4a61-a84a-c35d0c384e51,Calle Vacía,1,557,1,74,62,,,True,2025-08-22 10:39:00+00:00
5aa9d6b1-fb96-4de5-9b9e-8bbcdf90a702,b7248028-76c8-475a-a0da-fc272d41e8fe,Hospital,3,395,0,83,72,,,True,2025-10-14 20:28:00+00:00
d455b36f-5729-47f9-8aaa-6aaac303a2a1,15ce5a85-8037-45df-bd9f-9cd14a8173f8,Habitación,2,110,5,18,94,sobredosis,,True,2024-11-15 03:11:00+00:00
c49e8dc9-c9fe-48eb-abc3-5480ca8fb33b,1adf59b9-d807-45a9-9ff3-cd7389fec77a,Hospital,3,524,0,22,26,colapso,,True,2025-03-30 01:49:00+00:00
75a2a734-923b-47f3-bbab-dcb959e30e59,a20fa3a2-c897-4512-9c43-120146cc35ed,Calle Vacía,1,259,4,9,64,caidas,,True,2025-05-01 13:26:00+00:00
29d9ff1e-3625-4a62-b9f5-f778ad08590e,6fa6945a-ae6d-4f1c-9b48-a623452340f9,Hospital,3,526,2,48,21,,,True,2025-09-29 20:15:00+00:00
882fe9a1-159b-4acb-8c91-858fc4415d09,16ee1244-0d6d-46c8-8e78-69589d426192,Callejón,4,209,0,22,14,enemigos,,True,2025-07-08 22:11:00+00:00
5fce1088-ae75-4a3c-a1e8-4a6a7ff769aa,3079217b-507d-4435-b0b5-d0718ab50d1d,Hospital,3,512,2,27,47,colapso,,True,2025-01-12 02:42:00+00:00
2c84199d-0faa-4c63-aa97-60646caee9aa,59a5dbb7-e38b-422f-8b8e-b19fd4029fe1,Calle Vacía,1,394,3,10,74,sobredosis,,True,2024-12-30 16:26:00+00:00
0ad51e6f-8e47-4943-b704-fa7fde2b43fb,c9abe86d-247f-4925-9a1f-2cf416dadf65,Calle Vacía,1,253,1,60,20,,,True,2026-02-13 12:07:00+00:00
7ec2b4f2-dfcb-4985-a8c4-64715c85d4cb,80f91bff-d2a8-4301-a220-f910f3abdb0a,Hospital,3,202,5,18,36,abstinencia,,True,2025-07-22 21:17:00+00:00
b9a57433-0b77-464c-9b30-b3b2ad852069,20b1437c-413e-47c6-b605-bdca4ca45af5,Habitación,2,476,1,15,22,abstinencia,,True,2025-04-27 20:45:00+00:00
d2bf8fbe-631b-48d3-bc16-bee6a7267a20,eb47a66d-035e-4fa3-8651-ccf98d5fee96,Hospital,3,574,5,63,23,,,True,2026-07-05 17:49:00+00:00
7b3f82e3-ec3a-4d18-afb7-fc04726bae85,31fe8038-ba7b-48a7-b8d8-226d585d0826,Calle Vacía,1,348,1,16,61,enemigos,,True,2026-06-17 00:42:00+00:00
d3368d35-4780-4ad2-ae7f-5228f65afc28,fa002e48-f09c-475c-97e1-39b3a4e08ae4,Calle Vacía,1,290,3,4,46,sobredosis,,True,2026-05-18 01:35:00+00:00
78bf8b6f-6ad1-4d43-938f-3fdc77158d4f,029db3b5-5676-4782-b9d7-ec67dd36a401,Callejón,4,290,3,6,14,enemigos,,True,2024-05-18 15:13:00+00:00
e3e1fd46-ed45-4b5d-adff-ce7dee30be65,9e2c2102-06cb-4bc1-80a7-3fcb69e64f0d,Hospital,3,115,1,49,92,,,True,2025-04-13 00:42:00+00:00
52d807e5-b63d-43cd-a522-012d0cb2838c,8c19fb73-81aa-4d9b-a53e-5b1e35346b9d,Habitación,2,262,2,45,85,,,True,2025-06-22 13:56:00+00:00
a3ed5618-778a-4608-ab17-4472f7436007,3b836536-e572-490c-97c6-ac788664949f,Calle Vacía,1,540,1,46,84,,,True,2025-01-26 18:26:00+00:00
48354fc1-02e7-459e-8825-a7e28a2f3ec7,3fce28ce-da45-4157-80a2-90e7c1adc58c,Hospital,3,545,1,48,56,,,True,2025-08-16 22:28:00+00:00
7e0b4c1b-81b1-470d-a90d-d0280c2b8df9,54c0efb0-d266-44e8-998a-3983f83fd0e2,Calle Vacía,1,377,0,41,17,,,True,2026-08-06 16:32:00+00:00
09a9772c-c5bd-415d-9483-0d4cbaa6b1d2,a30f87eb-d43e-4aab-bd9a-13a57795a28c,Calle Vacía,1,293,1,24,89,sobredosis,,True,2025-11-25 11:35:00+00:00
c7140f91-1aa5-468c-829d-fdc39222f023,6dd3487f-5723-4811-b5e7-143f4ee0da8f,Callejón,4,181,1,49,25,,,True,2026-02-15 00:16:00+00:00
a4963326-606f-4e42-a0d1-1caa8e024c2f,f078a32c-5f90-474e-9302-4d86803423a7,Calle Vacía,1,354,5,97,21,,,True,2025-10-29 14:56:00+00:00
a7fc59f0-a6fc-42b1-99c7-ac5343ca766b,246e11a5-2789-4ab6-8ce0-1c25dc21c554,Callejón,4,65,2,47,14,,,True,2026-08-04 19:31:00+00:00
d529e71f-c04c-4ac4-ad93-2b3c2f71059e,67d387e5-c035-424f-808a-204b9b758434,Habitación,2,488,5,15,96,enemigos,,True,2026-04-18 13:42:00+00:00
22dcf5e1-d2c5-4dd8-92f1-62bf592ff2e5,24692f30-287f-4212-b0bf-f562cc4a79fe,Refugio,5,381,1,28,54,colapso,,True,2025-11-21 18:16:00+00:00
6cddbbcc-ac6d-49ca-884d-3a2045c6a7b6,3f41c14a-6f06-472d-b6f0-40d05954e775,Refugio,5,410,3,56,65,,,True,2026-06-13 14:50:00+00:00
62583beb-20b3-4b51-8e7c-78da4babe943,7e2b2804-7437-4798-afe0-c967ff4b0993,Refugio,5,345,4,29,94,sobredosis,,True,2024-09-22 20:43:00+00:00
81a00f1f-5876-449e-9bb8-b61361daa7f7,a97975c3-24ce-487a-a2f3-97533a46eb5a,Calle Vacía,1,476,0,0,26,colapso,,True,2026-02-05 21:59:00+00:00
292441fc-40cb-4548-a60e-73d0775576e6,fae74e24-dafe-4c67-9503-6c37a0580080,Habitación,2,96,2,13,39,sobredosis,,True,2024-09-21 21:40:00+00:00
a871dab7-8c83-45e7-b2d4-5dfd0d7406ff,3865fb28-c917-40ea-ba32-50dd10b373c5,Habitación,2,521,0,89,67,,,True,2025-06-07 02:00:00+00:00
4b8d61cc-6404-4887-a465-ab1947246293,045b8972-047d-4652-860d-a52716ba8c3a,Calle Vacía,1,278,5,19,13,sobredosis,,True,2025-10-08 15:45:00+00:00
f8b7c43b-8c51-452c-8d98-13655d057589,42789876-f59b-4206-947f-bf67bd4bf097,Habitación,2,396,1,55,86,,,True,2026-04-12 23:01:00+00:00
85800a91-a472-4d17-aca2-3bfa46747f7d,4a6349fb-35b4-41ae-8965-794e76a0d73c,Calle Vacía,1,584,2,6,80,enemigos,,True,2025-12-04 15:16:00+00:00
af9f0f23-b0f2-4db1-aad6-bd3a35c3183f,df7ca7c0-5609-46e3-9203-54729246bb39,Callejón,4,84,5,67,43,,,True,2024-07-07 14:07:00+00:00
0d43e6c7-cad2-4f4b-91c9-4b9e69055c5b,2d7359f5-ba3c-457c-9bf6-7b71cda1b5fe,Habitación,2,322,0,6,55,caidas,,True,2026-07-14 22:01:00+00:00
0e78c4ce-e60b-4bf8-be5e-6722fe265f8c,2d10db0d-0b6d-4e5b-b62c-8e87f805f690,Calle Vacía,1,206,2,22,67,enemigos,,True,2025-10-27 12:27:00+00:00
4e31d49d-ec36-40a9-b46d-1b3dc4e16624,be1eef96-753d-48ad-9993-8bd032245a37,Calle Vacía,1,437,5,77,38,,,True,2025-10-15 01:47:00+00:00
dbd4ede6-adc5-4571-b43d-2109850b490d,22ce8a48-5bb2-4bc0-b0eb-57aff8683c2c,Calle Vacía,1,584,2,1,65,abstinencia,,True,2025-11-10 11:22:00+00:00
99170a88-bcf3-40a5-9faa-9c455b21e484,3c513b11-c891-4f64-877f-5721f5475f46,Calle Vacía,1,235,5,20,55,abstinencia,,True,2025-09-06 10:30:00+00:00
8361da4c-3cfc-46d3-a773-bb0b05739bd2,ae0adda6-ed62-4d7a-b900-2e9c94205df3,Calle Vacía,1,398,1,59,80,,,True,2025-09-21 12:43:00+00:00
07f5df8e-e9ab-4f27-9bd5-224f332c5464,eafb18e6-d9a1-415b-a4a9-811f2b368be9,Recuerdo,6,99,1,9,69,colapso,,True,2026-01-24 15:35:00+00:00
ec64170d-4220-44f4-b1b8-d80a24b2a219,d857cefa-5837-4582-beb6-23a4b0c55dd1,Refugio,5,148,5,97,68,,,True,2024-08-04 13:50:00+00:00
79c70253-e4db-4cae-a89a-6d3d86c95b4b,1696619c-4cc4-4924-8b3b-aaf0f14109e8,Calle Vacía,1,333,5,86,89,,,True,2025-06-10 00:12:00+00:00
2e615a46-2758-4121-bd76-e1a310d65b4e,2dad43f4-0ca2-44df-a26c-a6357d3b49e3,Calle Vacía,1,507,3,17,35,sobredosis,,True,2025-11-26 11:06:00+00:00
28ab43c1-4803-40b2-aa1b-dda06c29ae50,6078b6a7-c5f8-4e93-93a7-8f17adcefa37,Habitación,2,127,3,16,64,colapso,,True,2025-12-26 00:35:00+00:00
d86b7db0-1696-473e-be3c-ab987c927cfa,b130c4c6-c9e3-4ce5-84af-4fdd8047402e,Calle Vacía,1,222,2,70,32,,,True,2025-06-14 19:31:00+00:00
83067f08-ca1a-4168-8762-12fe85df2282,820e5542-692a-44c6-85ea-cdf4fa6199dc,Habitación,2,238,4,1,49,abstinencia,,True,2026-02-21 01:21:00+00:00
0f3b07ad-cfb9-4ef6-80a2-f48de1d9d6ea,60ac1b10-2d23-407b-b8be-7587ff0c0963,Calle Vacía,1,137,3,0,56,abstinencia,,True,2026-03-07 16:20:00+00:00
8456abb0-cdb1-4a72-b2f6-ec1c927da465,90e119a5-9723-4641-870d-b8dfa4bf7177,Refugio,5,334,5,5,38,caidas,,True,2024-07-27 20:10:00+00:00
57b73aa8-fde1-487f-81f8-6e69ed6ab790,11b52b99-36fa-4ed3-a049-ff60a957d615,Calle Vacía,1,310,4,51,97,,,True,2024-11-01 17:07:00+00:00
fdb3dbe5-20b6-45e5-aec0-a4337969f8ca,fc34010b-809b-4861-ab65-17adff9691a2,Refugio,5,519,2,29,31,abstinencia,,True,2026-01-16 02:04:00+00:00
eb7c29e3-3a15-4f10-93fa-323759088e49,62dbfbe7-f087-4a43-b9f5-d02399a5bc87,Hospital,3,531,0,24,63,enemigos,,True,2026-05-02 12:06:00+00:00
93be8dac-9386-4c3c-8daf-8d048112557e,ab568adf-20b2-4e0c-9c1b-a5a1233e404f,Calle Vacía,1,574,0,6,9,colapso,,True,2025-03-05 16:23:00+00:00
0d4ed70c-aa15-4964-9dd3-2497f1467312,782cca85-1e07-44a9-8486-751bc8f5842a,Recuerdo,6,448,0,50,26,,,True,2026-06-12 19:15:00+00:00
f1d578f3-55ea-4632-ab38-ad0b5e33911b,65be501e-c1ea-4d7f-9409-06d4a2d28e92,Hospital,3,93,5,51,25,,,True,2026-04-12 02:57:00+00:00
3c7a632d-85be-4d84-9372-6079f1c34063,18679535-ffd8-401e-99ee-b3af01dcdbc1,Recuerdo,6,257,0,44,47,,,True,2025-06-06 16:43:00+00:00
4a754f67-d77e-453a-9105-28ba02152745,d51aefc6-d4ef-42b2-ba04-86ed2c819785,Habitación,2,103,1,90,46,,,True,2024-08-02 16:03:00+00:00
eb816043-2149-4a45-9506-a443cb0676d5,ae8095a5-b9ba-4b11-bccb-6d96f13867f5,Calle Vacía,1,551,4,40,10,,,True,2026-01-24 03:06:00+00:00
97eef0d2-15a4-4b6d-ad3e-c36480175903,6abdf2c0-3082-469d-84ee-28c96b7d6e23,Callejón,4,321,1,50,2,,,True,2025-06-04 21:01:00+00:00
f38ac1c7-c749-4a32-8b71-b5eb6f6537e3,22d5696c-2a03-44aa-a884-c3ab0561b2b8,Calle Vacía,1,186,2,29,58,enemigos,,True,2025-10-05 12:18:00+00:00
5bc61fab-3fb0-40d9-a433-0f521fbdeb33,de86f04f-21e5-4896-ad68-01eb5a4c8fcf,Habitación,2,281,0,2,7,colapso,,True,2026-07-20 16:08:00+00:00
