id,user_id,product_id,price_paid,created_at,product_name
809e6cbe-8712-4fa2-b205-11ee2c58a038,f598b743-f496-4a65-87dd-d3541fff0015,b3870e5e-d4ed-4a02-8bca-6e033c29afbb,0,2025-08-26T19:04:06.305079+00:00,mapa 5
42cb02bc-4f77-453e-9bef-f468c7a5e43b,f6dff08a-5560-42bd-b839-670d20b9e001,92265279-29ec-48ce-8e2a-1135ab186ed2,150,2025-10-25T20:58:45.870044+00:00,skin 1
201d1517-d961-4df7-884c-03a124c62740,b706bfba-98ea-462e-9810-366d38d5b986,8e37b000-0661-4dfa-8df1-c899ad070231,60,2025-06-06T09:14:09.796277+00:00,llavero
bdecd689-15b3-446c-ae3e-87abf51a0e95,b706bfba-98ea-462e-9810-366d38d5b986,6ee284fa-618b-470a-8253-5d980bf9a786,0,2025-08-20T04:55:35.755543+00:00,pin
7da0307b-c0cc-46b2-9709-64dd0bb11bff,e94f5ec6-86ac-4608-a4e9-a547dd395627,59232c06-e6bc-40e5-9299-68c0e348106c,0,2026-08-19T18:54:03.964459+00:00,creo es son efectos
149296b5-dcb1-41b0-bb97-e77d2977db0f,5819760a-977c-484a-ba45-55f995529c74,b3870e5e-d4ed-4a02-8bca-6e033c29afbb,0,2026-05-03T09:05:57.901933+00:00,mapa 5
dd1897f5-0354-44d0-88c4-f709886ab04c,0ba00a8a-9eb6-452c-907e-c9895dbb0f65,81b01edf-434a-479d-8c8f-ef9a6bc08b65,369,2025-04-20T10:56:31.919332+00:00,The Trip Wanderer Heavy Hoodie
3561cc43-37ca-43bb-809f-bdbe087bc973,0ba00a8a-9eb6-452c-907e-c9895dbb0f65,c8e4c472-da43-447e-a3db-733082db5162,150,2025-06-01T02:13:13.559538+00:00,The Trip Wanderer
54f4c9a8-58e1-4761-94ee-3b7607f250b6,4c0cdd1e-11b8-4d9d-9391-4b93193e7bbc,c8e4c472-da43-447e-a3db-733082db5162,150,2026-01-16T23:43:42.549451+00:00,The Trip Wanderer
21d2f177-9011-47cb-b880-7777337e27e3,6d54d154-506b-49a2-a145-7039b6e97be0,f2e5cee0-2174-4d13-8d29-4614ed55ec18,0,2025-12-08T08:13:54.624461+00:00,mapa 4
1aae196c-e118-4696-aff0-f3acfa859af3,d8dc1a14-41c6-47be-98a3-d2be7d46ca31,b3870e5e-d4ed-4a02-8bca-6e033c29afbb,0,2026-04-10T10:48:58.610982+00:00,mapa 5
279de3c8-d159-43cb-809a-ef09569fd092,d8dc1a14-41c6-47be-98a3-d2be7d46ca31,59232c06-e6bc-40e5-9299-68c0e348106c,0,2026-06-04T22:30:33.727838+00:00,creo es son efectos
ec837a96-7d71-4cf5-b119-c021a5654edb,1f8bfaaa-790e-424c-bf99-07036b4ae8fe,f244ce56-4651-4990-8407-0472b13eb3b7,0,2025-08-06T19:32:04.912703+00:00,mapa 3
0174e765-6a94-407d-ba84-d67533557f0f,b11b2fc3-b23c-4d96-a1ca-fb8b55dc420b,6ee284fa-618b-470a-8253-5d980bf9a786,0,2026-08-08T07:28:43.574174+00:00,pin
1cf6048e-27d9-41c7-8bd3-054bf69f484a,0b7ea584-637f-4362-8e0b-cbcf0a4b2753,8e37b000-0661-4dfa-8df1-c899ad070231,60,2025-03-28T13:34:30.853975+00:00,llavero
448f41ba-2a72-4d0c-a424-d7ea198cc5fa,38eae0d4-172b-4bf0-83f2-0876dbceb7b8,6ee284fa-618b-470a-8253-5d980bf9a786,0,2026-05-14T23:12:29.973686+00:00,pin
ba1e68cc-da7f-4816-a372-4c2add5248c2,3edf16d1-ef1b-4b9b-bef5-aa62b04819b7,8e37b000-0661-4dfa-8df1-c899ad070231,60,2025-11-08T10:44:01.559263+00:00,llavero
73cd4874-7edf-4e5f-8f61-5cae520ef94a,87aac389-d0a5-4ee4-b910-b9f05b6ca009,5e8726e1-12c7-46ad-b773-a3f625bfe693,199,2025-05-17T16:22:42.161521+00:00,Peluche
0ec84c0e-c1c8-4ceb-90ef-966116b3e0e1,7ca4b828-ff24-4bd0-b34c-63acf835596f,c8e4c472-da43-447e-a3db-733082db5162,150,2025-07-03T21:21:21.96766+00:00,The Trip Wanderer
8464a108-e55b-4138-81f9-4747489d5b63,4103fa7b-a7c0-4261-bf3c-454adb1fc95d,97ea20fd-b43e-41db-bcce-dd1584cdfc93,0,2025-11-23T08:28:01.019855+00:00,skin 3
f0f4eb03-5110-4dc7-becf-df3dd720ae71,60b6b4d0-8af7-466b-8128-cf51900ecd73,6ee284fa-618b-470a-8253-5d980bf9a786,0,2025-06-19T11:47:12.93095+00:00,pin
14eefbdf-bfa2-4535-97a7-ec41ac8ba542,43a4d550-3dd5-4e7e-a739-c2ee9f3d2599,5e8726e1-12c7-46ad-b773-a3f625bfe693,199,2026-08-11T19:33:29.755389+00:00,Peluche
9bedc48f-ef9e-44df-988d-f0f53a001303,43a4d550-3dd5-4e7e-a739-c2ee9f3d2599,92265279-29ec-48ce-8e2a-1135ab186ed2,150,2026-01-13T22:10:27.328476+00:00,skin 1
35af3ef7-db70-4c8a-b300-303fe46d08e9,e2d7f549-0141-4b94-a11d-eccb229486ba,f244ce56-4651-4990-8407-0472b13eb3b7,0,2026-04-17T14:23:56.994594+00:00,mapa 3
d6e00d5e-bcb7-4354-bbb3-eaf898b87173,e2d7f549-0141-4b94-a11d-eccb229486ba,c8e4c472-da43-447e-a3db-733082db5162,150,2026-04-02T06:45:37.664545+00:00,The Trip Wanderer
81a61542-f150-4f20-9e26-7df499106743,b68073df-78af-4be4-915b-d2963a578e3b,f2e5cee0-2174-4d13-8d29-4614ed55ec18,0,2025-09-28T16:54:04.011127+00:00,mapa 4
f0f94036-b72a-42c7-882b-bf125529f3d9,181ef57d-9cae-4f48-9e8c-45e1c6898cb4,92265279-29ec-48ce-8e2a-1135ab186ed2,150,2026-03-13T17:16:13.918684+00:00,skin 1
9d515704-bd3a-4be8-a633-2640a1d2cf51,c0e4e6ce-a5d2-47b2-9ad0-8d29e8d5a27e,5e8726e1-12c7-46ad-b773-a3f625bfe693,199,2025-02-01T05:08:24.33505+00:00,Peluche
49e0e116-8eec-4bcd-aa4e-2cd7eea0d431,c0e4e6ce-a5d2-47b2-9ad0-8d29e8d5a27e,dcd0c172-58c8-454a-bcf8-dd72204b7d18,0,2025-02-13T22:13:10.638463+00:00,skin 2
f07bc559-3ed5-4b9a-bfbc-02cb915d2a38,b40b606d-b73a-412f-b165-b4a5c669d842,c00a71d2-3c1c-460b-85a8-c274d78af7cd,269,2026-08-05T02:20:14.505798+00:00,"Playera ""Trip Wanderer"""
d2160307-137e-4c4f-b272-7818cc2ef8db,7d7b0052-e043-4b7b-b594-f58800d4f3b9,5eb991bd-33fb-413b-b96b-e481b7aafacb,399.99,2026-08-13T05:59:10.066512+00:00,"Gorra Snapback ""TRIP"" "
8aeb09b4-22ce-4643-89dc-c22093187a90,7d7b0052-e043-4b7b-b594-f58800d4f3b9,5e8726e1-12c7-46ad-b773-a3f625bfe693,199,2026-08-17T06:34:15.398258+00:00,Peluche
1ab03b78-cce0-4552-8994-f997e8042e6f,d00a24be-d53f-49a8-ba8a-eec96de2fdfc,f244ce56-4651-4990-8407-0472b13eb3b7,0,2026-04-19T08:11:46.696592+00:00,mapa 3
91ede7a7-fe2d-4c6e-8deb-f71868be64a3,d00a24be-d53f-49a8-ba8a-eec96de2fdfc,f2e5cee0-2174-4d13-8d29-4614ed55ec18,0,2026-04-26T08:08:59.429692+00:00,mapa 4
4024e535-52fc-4af6-a5ca-ffaccd84dbbf,48ef4bd6-959a-49af-851d-12e51164cb14,f2e5cee0-2174-4d13-8d29-4614ed55ec18,0,2026-06-04T07:35:53.247043+00:00,mapa 4
fc1de714-b073-4ee6-aed9-b76af5129a59,48ef4bd6-959a-49af-851d-12e51164cb14,b3870e5e-d4ed-4a02-8bca-6e033c29afbb,0,2026-07-20T10:33:33.896244+00:00,mapa 5
d380b373-389f-433a-af2a-a35cf5b1629d,382a9455-ecd5-48c0-bc31-732abc8b2690,59232c06-e6bc-40e5-9299-68c0e348106c,0,2025-09-19T04:49:03.72412+00:00,creo es son efectos
6986e9a9-116d-4521-bf51-69943f05c45e,56ef1a43-d9bf-491a-b7fa-9ad42aeaa33a,8e37b000-0661-4dfa-8df1-c899ad070231,60,2025-08-23T15:39:24.255461+00:00,llavero
2927f2ff-c405-4678-993e-d5fbd1f295ac,72d702f0-6178-45d5-a3b2-0a52b64c58c0,f244ce56-4651-4990-8407-0472b13eb3b7,0,2026-02-26T11:52:42.877498+00:00,mapa 3
e2e3e76a-39c4-49b1-a8a3-fdb588edc8a6,72d702f0-6178-45d5-a3b2-0a52b64c58c0,637f6c5f-cef1-4074-92e3-b3f297e67c1c,0,2025-08-03T14:49:02.543934+00:00,mapa 1
86963b6e-5aa1-4649-a02d-a75967ea666b,958b9f6d-b813-48ae-add9-9a310b0c14a2,637f6c5f-cef1-4074-92e3-b3f297e67c1c,0,2026-08-08T10:38:23.348273+00:00,mapa 1
2ec1807b-29c4-460e-84ee-55e7dfe01ce2,958b9f6d-b813-48ae-add9-9a310b0c14a2,dcd0c172-58c8-454a-bcf8-dd72204b7d18,0,2026-08-04T05:10:54.1153+00:00,skin 2
b1dc7aac-d9e2-4084-bb75-7037de645d1b,167f7f97-3157-442b-bcb1-a23ded9d7f78,f244ce56-4651-4990-8407-0472b13eb3b7,0,2025-10-18T19:49:33.23371+00:00,mapa 3
72d06ef3-062a-4047-820e-9534a92dd62a,3d302417-64ef-42dc-be79-f58f574f2522,b3870e5e-d4ed-4a02-8bca-6e033c29afbb,0,2026-08-05T13:03:12.257546+00:00,mapa 5
7e16ae08-c161-434e-a34d-456526909f88,3d302417-64ef-42dc-be79-f58f574f2522,5e8726e1-12c7-46ad-b773-a3f625bfe693,199,2026-08-15T16:38:01.866768+00:00,Peluche
5e36f2a9-5b91-4dd8-b83b-6be7540d074d,3d302417-64ef-42dc-be79-f58f574f2522,8e37b000-0661-4dfa-8df1-c899ad070231,60,2026-08-11T16:29:09.532565+00:00,llavero
a4b9dcc0-07e7-4ab4-b478-da10c14e0a35,30c4fc5b-dbd7-4e7f-9fba-508380ca7c62,637f6c5f-cef1-4074-92e3-b3f297e67c1c,0,2026-01-17T02:52:04.634+00:00,mapa 1
039a6d71-5c5e-4cec-9756-5cb604c72ec2,407b369b-c377-45a2-bd81-470b8dd33f60,4366ee86-7f31-48e6-8282-879de385e7a1,0,2026-01-11T12:38:40.715539+00:00,mapa 2
43b23802-57ba-4721-ac2d-9f59fdb1778b,407b369b-c377-45a2-bd81-470b8dd33f60,c8e4c472-da43-447e-a3db-733082db5162,150,2026-06-17T07:59:49.534274+00:00,The Trip Wanderer
80b461f0-a845-450c-9bb7-22ca5f1655d5,407b369b-c377-45a2-bd81-470b8dd33f60,4366ee86-7f31-48e6-8282-879de385e7a1,0,2026-03-26T23:21:21.497285+00:00,mapa 2
646a8882-37a5-475e-955e-9fe813e303c6,407b369b-c377-45a2-bd81-470b8dd33f60,637f6c5f-cef1-4074-92e3-b3f297e67c1c,0,2026-01-06T00:54:31.125699+00:00,mapa 1
18fd575b-2ad9-4136-8cb3-1799f984557c,349d1ee1-eea8-4e8c-83ca-e62eee4fcdde,97ea20fd-b43e-41db-bcce-dd1584cdfc93,0,2025-12-23T16:20:58.939481+00:00,skin 3
229b0060-8746-44bb-bd9a-39a049173c75,47389ef3-3e72-44f4-8e0f-e47a088d74e1,dcd0c172-58c8-454a-bcf8-dd72204b7d18,0,2026-03-06T10:47:13.041712+00:00,skin 2
ba0e6a90-8657-4dc0-8501-708491b0efc9,ab7b8b4a-9da6-4fb6-b364-8a3d570d23da,5eb991bd-33fb-413b-b96b-e481b7aafacb,399.99,2026-03-08T07:26:48.088601+00:00,"Gorra Snapback ""TRIP"" "
92978228-d6bb-4981-a0e2-c60e269484fe,bfbc7d1c-471e-466f-88d8-3e3a3580bd54,92265279-29ec-48ce-8e2a-1135ab186ed2,150,2025-10-02T06:18:06.75561+00:00,skin 1
0f558274-ee48-423f-9458-88ecdf7dcd65,bfbc7d1c-471e-466f-88d8-3e3a3580bd54,59232c06-e6bc-40e5-9299-68c0e348106c,0,2025-09-23T15:32:38.86214+00:00,creo es son efectos
a6e5fd21-ebe3-47f4-b107-54f7f08e66b2,63a24a43-b589-45fd-a102-e4fb220ce1d9,5e8726e1-12c7-46ad-b773-a3f625bfe693,199,2025-03-03T02:27:25.079108+00:00,Peluche
7c05722a-a6ba-4a45-9d74-7a88d6000c95,bd4ab5c7-7a0b-41f2-bd2d-8a597a64b659,f2e5cee0-2174-4d13-8d29-4614ed55ec18,0,2026-04-25T19:41:27.938441+00:00,mapa 4
7dd25797-f7c1-4200-b98d-56265a698bbc,e69baf52-6a9b-4c86-b32b-27fbde6573f7,92265279-29ec-48ce-8e2a-1135ab186ed2,150,2026-03-12T16:01:45.014287+00:00,skin 1
332d46ef-992e-409b-b447-a8d846475b21,e69baf52-6a9b-4c86-b32b-27fbde6573f7,4366ee86-7f31-48e6-8282-879de385e7a1,0,2025-05-30T06:48:08.533936+00:00,mapa 2
503a45b8-1363-4fa4-b5b4-d5a313638b17,e48650d5-6f78-4519-aa73-7aa6a84df84c,c00a71d2-3c1c-460b-85a8-c274d78af7cd,269,2026-05-20T06:36:57.201194+00:00,"Playera ""Trip Wanderer"""
ac423d93-3392-4794-8ef0-40e66cf80c35,cf8724b7-6e31-4608-a5af-29c962ec5450,4366ee86-7f31-48e6-8282-879de385e7a1,0,2025-09-18T18:51:29.823363+00:00,mapa 2
91c317b0-c671-405d-b5a4-8b8e874b4f05,cf8724b7-6e31-4608-a5af-29c962ec5450,59232c06-e6bc-40e5-9299-68c0e348106c,0,2025-10-20T09:30:45.986632+00:00,creo es son efectos
73168b84-7297-4963-a137-258b4db25b33,cf8724b7-6e31-4608-a5af-29c962ec5450,97ea20fd-b43e-41db-bcce-dd1584cdfc93,0,2026-02-10T11:26:14.017535+00:00,skin 3
40a59fa0-f846-42a9-b2f9-9742520cd85d,cf8724b7-6e31-4608-a5af-29c962ec5450,c00a71d2-3c1c-460b-85a8-c274d78af7cd,269,2026-07-31T16:27:34.890991+00:00,"Playera ""Trip Wanderer"""
30284e9c-8f7f-4ad1-8af6-e05f99ecb761,cf8724b7-6e31-4608-a5af-29c962ec5450,f244ce56-4651-4990-8407-0472b13eb3b7,0,2026-07-09T06:04:32.564787+00:00,mapa 3
1cb07b01-00c3-4cde-aa18-b15e6e4e6b9f,5d09f1ad-8eba-48a2-aec9-4ba5f88308d2,6ee284fa-618b-470a-8253-5d980bf9a786,0,2025-10-31T03:09:43.733804+00:00,pin
87757d81-8415-4272-82a7-1f120f2e810b,78af365b-7f42-4d26-b27f-f598ee6eb938,dcd0c172-58c8-454a-bcf8-dd72204b7d18,0,2026-02-21T00:50:30.443446+00:00,skin 2
7f2f5754-fc9b-44f4-aa96-6c7e740810c3,78af365b-7f42-4d26-b27f-f598ee6eb938,59232c06-e6bc-40e5-9299-68c0e348106c,0,2026-03-26T03:05:06.86367+00:00,creo es son efectos
fbedca38-2d39-483d-91c4-68570b04d543,377286dc-abce-49a5-a032-fca3acfc5caf,f244ce56-4651-4990-8407-0472b13eb3b7,0,2026-03-10T20:19:47.282136+00:00,mapa 3
afcad3db-1176-4009-9443-1755c6026351,377286dc-abce-49a5-a032-fca3acfc5caf,97ea20fd-b43e-41db-bcce-dd1584cdfc93,0,2026-04-20T19:39:13.407451+00:00,skin 3
eb578411-a7d7-4402-a98b-73177d12e0d0,3e3871bf-1d22-4584-a348-494dba43cfe9,6ee284fa-618b-470a-8253-5d980bf9a786,0,2026-02-03T19:47:45.744323+00:00,pin
1e2f469f-11a5-4922-8bfa-a306fc28b689,3e3871bf-1d22-4584-a348-494dba43cfe9,59232c06-e6bc-40e5-9299-68c0e348106c,0,2026-06-01T06:36:57.012199+00:00,creo es son efectos
f78893f4-d7dc-411e-b0b0-778357191b3e,3e3871bf-1d22-4584-a348-494dba43cfe9,6ee284fa-618b-470a-8253-5d980bf9a786,0,2026-01-17T02:48:26.635002+00:00,pin
c8c62718-d9dd-4fa7-99c9-b392c3540746,3e3871bf-1d22-4584-a348-494dba43cfe9,637f6c5f-cef1-4074-92e3-b3f297e67c1c,0,2026-01-03T01:00:33.679744+00:00,mapa 1
4335037b-53ab-4caf-97bc-30f62f841607,3e3871bf-1d22-4584-a348-494dba43cfe9,b3870e5e-d4ed-4a02-8bca-6e033c29afbb,0,2026-05-12T13:25:02.297991+00:00,mapa 5
cf0cb5c3-6115-4d65-9150-a0b3c4ca59ae,3642b1ed-422f-4954-94c0-a79b82f76897,97ea20fd-b43e-41db-bcce-dd1584cdfc93,0,2026-05-27T02:49:39.147951+00:00,skin 3
5d8cebdd-66b4-4475-9ec4-b48ef78e2965,13063e6c-352a-41dc-8af1-255bc84b4e52,46b39b3a-962c-495b-97f0-5dd6b881a4ff,349,2025-10-17T16:31:49.797094+00:00,"Funda ""Bosque Sombrío"" "
dcefa901-4abd-4f73-a49b-6233a76315e8,8fdffe00-4e56-4c4c-b093-4e3e3811d045,4366ee86-7f31-48e6-8282-879de385e7a1,0,2026-06-18T03:40:00.929567+00:00,mapa 2
e96fde4a-0f18-4b32-80e3-c04a7a67eb3a,256d5fef-7940-4e66-84a8-02ab7df1898b,8e37b000-0661-4dfa-8df1-c899ad070231,60,2026-06-02T03:24:57.484341+00:00,llavero
0303ba26-7095-4fa5-a3fa-0573882bacc9,89e5311c-843d-4cad-a3d8-d01353344741,4366ee86-7f31-48e6-8282-879de385e7a1,0,2026-08-06T16:35:14.775399+00:00,mapa 2
ac8347cd-68de-42ec-899c-a6a0dc74b1b5,2e5daa4e-8b20-4f78-b5f6-298b2f37d71f,4366ee86-7f31-48e6-8282-879de385e7a1,0,2026-08-19T06:25:39.615642+00:00,mapa 2
2c5638e5-c1b5-4357-8cc2-9a17fc2807d5,5549a2ef-9402-4dab-a80d-dec69a21c5a6,59232c06-e6bc-40e5-9299-68c0e348106c,0,2026-01-02T08:29:56.02524+00:00,creo es son efectos
c3a67f0a-6617-41e5-bde0-bc887a38fe36,46b14c1e-0edd-4aa7-918e-855931085568,f2e5cee0-2174-4d13-8d29-4614ed55ec18,0,2025-12-06T11:11:01.324125+00:00,mapa 4
4510e806-0e42-4576-a850-b990b4f92696,46b14c1e-0edd-4aa7-918e-855931085568,97ea20fd-b43e-41db-bcce-dd1584cdfc93,0,2025-12-14T03:49:45.099543+00:00,skin 3
46bd1fa4-2ea4-49a4-b140-fc337b6092f0,bc13a627-6473-44d5-a45b-7713d33a961f,92265279-29ec-48ce-8e2a-1135ab186ed2,150,2024-10-31T22:01:09.594407+00:00,skin 1
44917614-00b1-402a-989f-a60c1d5ac5da,4d93e007-000f-49d5-b03f-1fcd312b506f,f2e5cee0-2174-4d13-8d29-4614ed55ec18,0,2026-07-06T04:26:22.975721+00:00,mapa 4
e6a7fbc5-235b-42a6-8514-b93106ef493a,4d93e007-000f-49d5-b03f-1fcd312b506f,97ea20fd-b43e-41db-bcce-dd1584cdfc93,0,2026-08-17T02:44:35.982432+00:00,skin 3
c2dd76ab-127e-472d-a52d-155e4412ddea,a4e8d4d7-33e0-4ef0-8b98-07315ec96282,8e37b000-0661-4dfa-8df1-c899ad070231,60,2026-05-13T04:32:49.079814+00:00,llavero
22bad226-bf47-47df-a3cb-1c5378049e24,bfe93845-fd4c-48e9-956e-de3f998c37e8,81b01edf-434a-479d-8c8f-ef9a6bc08b65,369,2026-04-28T06:37:36.732838+00:00,The Trip Wanderer Heavy Hoodie
9421bd34-5209-46cf-9754-add3b1709f02,bfe93845-fd4c-48e9-956e-de3f998c37e8,97ea20fd-b43e-41db-bcce-dd1584cdfc93,0,2026-07-05T22:58:28.562784+00:00,skin 3
ee2ceda2-5bf1-4e3c-9101-ce2409fb094e,0b8a2bac-6425-4cc6-b271-df6d102b2f3f,92265279-29ec-48ce-8e2a-1135ab186ed2,150,2026-03-28T21:43:48.909579+00:00,skin 1
8c70067c-806e-4864-a218-6692b9ebf876,5ba95adc-e728-48cb-97a1-65940265e105,81b01edf-434a-479d-8c8f-ef9a6bc08b65,369,2026-08-14T17:41:21.492743+00:00,The Trip Wanderer Heavy Hoodie
3916687c-ed49-4084-bbcd-2ab3295cc5a1,5ba95adc-e728-48cb-97a1-65940265e105,c00a71d2-3c1c-460b-85a8-c274d78af7cd,269,2026-08-07T12:06:37.646591+00:00,"Playera ""Trip Wanderer"""
b54facd8-f964-4aae-ab04-538a622da56c,d0534ccb-6c9e-4b78-85e3-993b73873438,5e8726e1-12c7-46ad-b773-a3f625bfe693,199,2026-02-12T05:19:57.860352+00:00,Peluche
3fddbe7f-1192-4c40-afb7-b211820a5a1c,8ba883f6-070a-45e9-8191-99ffa04037e4,4366ee86-7f31-48e6-8282-879de385e7a1,0,2026-08-13T17:35:14.304951+00:00,mapa 2
75101154-cc57-4547-ac4b-aba68bb8a228,7d5decce-0e57-4153-be7e-103dd13d7b7f,5e8726e1-12c7-46ad-b773-a3f625bfe693,199,2026-05-03T01:22:10.572403+00:00,Peluche
4991eeca-ad05-4a68-8524-8ad68bb9a989,7d5decce-0e57-4153-be7e-103dd13d7b7f,97ea20fd-b43e-41db-bcce-dd1584cdfc93,0,2026-02-26T12:32:21.111688+00:00,skin 3
97f0c4ab-0a7d-4781-9a9d-85ca364b8cef,188d1293-0dd9-4ab6-b6b8-3281a53de63e,4366ee86-7f31-48e6-8282-879de385e7a1,0,2026-06-19T15:31:25.996701+00:00,mapa 2
6967d9c3-37a7-449e-8da1-3fb9874570e5,e06ebd4b-b101-4ab9-bb21-06482aa71c11,5e8726e1-12c7-46ad-b773-a3f625bfe693,199,2025-12-27T03:20:45.682096+00:00,Peluche
5464e586-9b4e-42ad-b717-2d692d5f434e,3fadd5c9-75b3-45b5-a03e-86c0ceaf48f8,5eb991bd-33fb-413b-b96b-e481b7aafacb,399.99,2026-08-17T07:28:02.709877+00:00,"Gorra Snapback ""TRIP"" "
74ba85e3-3c6a-4c40-9c45-51bcd74aa9c9,3fadd5c9-75b3-45b5-a03e-86c0ceaf48f8,59232c06-e6bc-40e5-9299-68c0e348106c,0,2026-08-09T17:30:25.075834+00:00,creo es son efectos
97d17396-dbf4-40ec-a826-d38db604d379,532f915d-f102-4e20-8dd5-ab7877a9b931,46b39b3a-962c-495b-97f0-5dd6b881a4ff,349,2025-07-09T00:49:41.128187+00:00,"Funda ""Bosque Sombrío"" "
09402b42-3b18-4e96-8542-1ea26f984885,532f915d-f102-4e20-8dd5-ab7877a9b931,59232c06-e6bc-40e5-9299-68c0e348106c,0,2026-03-21T11:20:08.822039+00:00,creo es son efectos
88709b62-09a4-4a98-8395-9aa791e95711,05fd3556-603f-47f0-bde5-7997650384e2,97ea20fd-b43e-41db-bcce-dd1584cdfc93,0,2026-06-15T08:29:13.857291+00:00,skin 3
b8728543-f27d-401e-9851-72015ac9439b,05fd3556-603f-47f0-bde5-7997650384e2,59232c06-e6bc-40e5-9299-68c0e348106c,0,2026-06-08T19:56:45.529829+00:00,creo es son efectos
a7401fbc-3299-4aba-8d4f-84289a6048ad,f6c826dd-a9fe-467d-b6c1-8f7cf688819b,46b39b3a-962c-495b-97f0-5dd6b881a4ff,349,2024-11-13T05:22:00.265938+00:00,"Funda ""Bosque Sombrío"" "
0667f158-1abc-4a14-a7c9-3a0360d26352,432df2a7-d219-4c99-8c3e-b8590bd19502,4366ee86-7f31-48e6-8282-879de385e7a1,0,2026-01-28T16:53:16.016164+00:00,mapa 2
35d22eb5-82be-4f63-accc-3cbc97911c6d,432df2a7-d219-4c99-8c3e-b8590bd19502,637f6c5f-cef1-4074-92e3-b3f297e67c1c,0,2026-02-16T01:36:52.065287+00:00,mapa 1
e3536bbc-96ca-476d-b4b7-3465d48e6136,26ad5285-7c89-47d7-829b-936ec62b9f00,4366ee86-7f31-48e6-8282-879de385e7a1,0,2025-11-19T15:58:00.391862+00:00,mapa 2
0e954787-3f05-419a-bc32-c6b2338104b7,b5a89277-c9d8-4d29-a51f-46e13f9fda2c,92265279-29ec-48ce-8e2a-1135ab186ed2,150,2025-07-29T04:30:26.982454+00:00,skin 1
a3503981-6cbe-4893-83da-f29ab4620577,e773400a-7bbe-48a2-9f62-26dc5ede62d9,46b39b3a-962c-495b-97f0-5dd6b881a4ff,349,2025-11-29T15:46:13.952718+00:00,"Funda ""Bosque Sombrío"" "
6037017c-21a9-42f9-94fe-5e35b8bedcd9,306027c8-7344-4fc5-a932-cfcd3c9c4731,f244ce56-4651-4990-8407-0472b13eb3b7,0,2025-09-21T00:25:37.747416+00:00,mapa 3
9689b9e6-b05f-491f-ba1c-c54792eb35c3,2e6bc7f0-f034-455c-b964-d5438e0d4721,5e8726e1-12c7-46ad-b773-a3f625bfe693,199,2026-07-29T22:32:00.097356+00:00,Peluche
25b83bcd-0014-4f86-a6a7-0236a9cd7249,a09b0ee1-05e1-41ec-9a7e-206c5727a38e,59232c06-e6bc-40e5-9299-68c0e348106c,0,2026-08-19T15:42:08.012336+00:00,creo es son efectos
44f8718a-093a-4750-8ca8-b69362cf31ea,74756dc6-0206-44bf-a0ee-af2686486b08,59232c06-e6bc-40e5-9299-68c0e348106c,0,2026-04-06T22:19:13.584988+00:00,creo es son efectos
0d036e9e-8724-4482-a5fc-7cf3edf1d322,74756dc6-0206-44bf-a0ee-af2686486b08,46b39b3a-962c-495b-97f0-5dd6b881a4ff,349,2025-05-10T23:29:45.412256+00:00,"Funda ""Bosque Sombrío"" "
f3d97474-ec35-4515-ac92-1c67b5974380,0df34136-f1b8-4b26-be11-5784d4225220,c00a71d2-3c1c-460b-85a8-c274d78af7cd,269,2025-10-06T17:41:02.724085+00:00,"Playera ""Trip Wanderer"""
7fe7c2a4-a03d-476c-96df-9b2be0387b3f,e02458bb-aca3-4a16-926c-d2cde27930dd,dcd0c172-58c8-454a-bcf8-dd72204b7d18,0,2026-04-15T13:27:43.67387+00:00,skin 2
aaa2e73d-83dd-49d8-9490-2f865936585a,4c090c94-a809-4802-90d2-d8b49156a636,59232c06-e6bc-40e5-9299-68c0e348106c,0,2025-03-17T00:12:06.635097+00:00,creo es son efectos
071d2734-abab-4845-92a5-363f56b01436,8bb5477e-ad11-466e-ab09-e8f6e6aa7a70,5eb991bd-33fb-413b-b96b-e481b7aafacb,399.99,2026-01-18T22:12:48.289198+00:00,"Gorra Snapback ""TRIP"" "
d3a24b49-8cc4-4bfb-af0c-d9db3f9cd17d,8bb5477e-ad11-466e-ab09-e8f6e6aa7a70,5eb991bd-33fb-413b-b96b-e481b7aafacb,399.99,2026-01-21T16:48:36.487528+00:00,"Gorra Snapback ""TRIP"" "
1e24e7ec-46ff-4681-abf2-81c716f762ca,7497cb5e-b149-4089-bfb1-26a63226f3e8,6ee284fa-618b-470a-8253-5d980bf9a786,0,2025-10-25T23:17:28.071982+00:00,pin
1f31adb3-a066-45e3-aa5d-a4aa6d8bc9ea,87c30054-b45d-457e-82d1-2211b87d20e7,637f6c5f-cef1-4074-92e3-b3f297e67c1c,0,2025-12-03T03:11:06.662381+00:00,mapa 1
76d91eba-b809-4bd4-aaf9-4d5c7118e790,87c30054-b45d-457e-82d1-2211b87d20e7,5eb991bd-33fb-413b-b96b-e481b7aafacb,399.99,2026-05-06T13:56:09.09449+00:00,"Gorra Snapback ""TRIP"" "
e18c9f6e-64bd-4956-a360-0ff2bb14eef5,98e4067e-7cf9-41f0-a40c-44c5f36d2b02,637f6c5f-cef1-4074-92e3-b3f297e67c1c,0,2026-08-16T20:48:37.778617+00:00,mapa 1
901a6e36-1acc-435e-a7f6-b659fcd99b53,7536454d-f2a3-4603-a8d8-843cce3b2e46,46b39b3a-962c-495b-97f0-5dd6b881a4ff,349,2026-01-27T16:21:34.556784+00:00,"Funda ""Bosque Sombrío"" "
0cf4e8cd-9bcf-4d4f-ac58-21c8b2a7a709,943b2131-37c3-4a01-82de-321d2e973f90,5eb991bd-33fb-413b-b96b-e481b7aafacb,399.99,2026-08-15T19:39:05.11649+00:00,"Gorra Snapback ""TRIP"" "
07d1213b-6528-4c90-bd99-6b2fa836954e,943b2131-37c3-4a01-82de-321d2e973f90,8e37b000-0661-4dfa-8df1-c899ad070231,60,2026-08-11T07:04:06.86037+00:00,llavero
1185abae-489d-485d-a9eb-9d2493aefb28,89911d11-3cab-4429-a48f-59f036d8ccd2,6ee284fa-618b-470a-8253-5d980bf9a786,0,2025-03-26T09:28:56.919832+00:00,pin
e6505181-2071-4cca-9a22-c96675f0646c,89911d11-3cab-4429-a48f-59f036d8ccd2,c8e4c472-da43-447e-a3db-733082db5162,150,2025-08-01T07:57:16.22+00:00,The Trip Wanderer
b46a4ae7-bb0d-4325-ad3b-21e383b21937,fb7c4afd-51de-4307-bff3-cafd8f2e04ea,46b39b3a-962c-495b-97f0-5dd6b881a4ff,349,2025-06-25T02:15:32.102962+00:00,"Funda ""Bosque Sombrío"" "
913827ac-9471-4105-a127-c0c08046bba7,f4395e19-6b79-412a-a219-2e6d1c781bbe,4366ee86-7f31-48e6-8282-879de385e7a1,0,2026-02-13T19:46:43.248816+00:00,mapa 2
0de97972-d440-4005-ad79-bb4b40fdd931,c3ac810b-621d-4735-9e94-2f8b77d385b8,4366ee86-7f31-48e6-8282-879de385e7a1,0,2026-08-17T13:59:41.162045+00:00,mapa 2
649bd7b8-307e-419e-ae40-cfb567d4cb3a,526bba47-2ff1-4dcb-93dc-7e1a8f3e6185,6ee284fa-618b-470a-8253-5d980bf9a786,0,2026-08-19T09:45:36.444371+00:00,pin
b2d9c10f-5662-41e7-8c85-5b9bf76f5686,526bba47-2ff1-4dcb-93dc-7e1a8f3e6185,f244ce56-4651-4990-8407-0472b13eb3b7,0,2026-08-10T16:25:24.795676+00:00,mapa 3
c1374b3d-f38e-459a-9d8f-93d765a3a49b,893c0e5d-59b3-41cd-a9d3-4f0ec5d6ffe3,59232c06-e6bc-40e5-9299-68c0e348106c,0,2025-07-22T13:08:51.75977+00:00,creo es son efectos
41fa18ab-4ac6-41bf-92c2-5568268bf4b6,5cbb0385-223f-4c3d-97fd-3d14c5b682a0,dcd0c172-58c8-454a-bcf8-dd72204b7d18,0,2026-08-13T19:47:04.330083+00:00,skin 2
b2e55019-e1da-49b8-9db1-57b5a8377283,5cbb0385-223f-4c3d-97fd-3d14c5b682a0,f244ce56-4651-4990-8407-0472b13eb3b7,0,2026-06-09T13:56:18.1769+00:00,mapa 3
6e25e105-fee8-496f-8041-404ec9715a03,c450597a-92e5-4900-827a-91e6e38fcf51,8e37b000-0661-4dfa-8df1-c899ad070231,60,2026-08-12T10:23:57.287606+00:00,llavero
b16ded36-cca9-4138-a0f2-7b422c660610,c450597a-92e5-4900-827a-91e6e38fcf51,5e8726e1-12c7-46ad-b773-a3f625bfe693,199,2026-01-28T05:13:24.955757+00:00,Peluche
f9d79616-0b5b-4bd1-8f81-7a777d9fcc41,16934c20-8227-441d-85c2-5a3cdebe7ef2,92265279-29ec-48ce-8e2a-1135ab186ed2,150,2025-04-19T02:13:33.913943+00:00,skin 1
0c51a4dc-a5e5-4453-927f-c8d0bad5dac6,711032cf-ab55-4648-9a77-0ad6bc668ba5,f244ce56-4651-4990-8407-0472b13eb3b7,0,2026-01-26T18:12:22.88788+00:00,mapa 3
985c3840-4ca2-4d5a-a374-4ea7c0aa3409,711032cf-ab55-4648-9a77-0ad6bc668ba5,637f6c5f-cef1-4074-92e3-b3f297e67c1c,0,2025-10-05T08:41:16.937415+00:00,mapa 1
f0c11c22-18b7-4d5e-bfa8-bb502328e69a,3216e301-abfc-4596-a694-b7ea211fc96d,46b39b3a-962c-495b-97f0-5dd6b881a4ff,349,2025-09-18T14:00:07.401941+00:00,"Funda ""Bosque Sombrío"" "
0a047b20-54c4-4357-add7-a1bf6e59e0af,3216e301-abfc-4596-a694-b7ea211fc96d,5e8726e1-12c7-46ad-b773-a3f625bfe693,199,2025-04-08T01:20:02.070536+00:00,Peluche
d3e08655-2222-41a1-83f2-9704355089ab,d0c82837-5684-48a0-8512-a92ec1a45adf,4366ee86-7f31-48e6-8282-879de385e7a1,0,2026-04-25T00:05:13.594143+00:00,mapa 2
33ef02de-ddf6-49f0-aff5-b06aa47961ae,d0c82837-5684-48a0-8512-a92ec1a45adf,dcd0c172-58c8-454a-bcf8-dd72204b7d18,0,2026-05-14T07:14:36.810231+00:00,skin 2
9acffebe-e78c-4b70-a057-f70d18ca571c,b660a548-ba61-42e4-875a-19cfc93f088d,46b39b3a-962c-495b-97f0-5dd6b881a4ff,349,2025-08-02T15:48:45.229897+00:00,"Funda ""Bosque Sombrío"" "
6b76ae81-cd91-4b7f-89dd-0f3db85ab6a1,b660a548-ba61-42e4-875a-19cfc93f088d,f2e5cee0-2174-4d13-8d29-4614ed55ec18,0,2025-04-22T21:54:05.322336+00:00,mapa 4
7cacfe40-ed29-455e-9c56-a1481e63869c,b660a548-ba61-42e4-875a-19cfc93f088d,92265279-29ec-48ce-8e2a-1135ab186ed2,150,2025-12-09T14:40:33.032875+00:00,skin 1
2b29df01-2c25-4cda-9393-fc5595fa55d0,b660a548-ba61-42e4-875a-19cfc93f088d,f244ce56-4651-4990-8407-0472b13eb3b7,0,2025-11-17T13:54:27.254738+00:00,mapa 3
0a84160d-d42a-4285-a92b-1a5a4c309662,fc0f28b4-0ed7-458e-9707-e2e452a7ab52,8e37b000-0661-4dfa-8df1-c899ad070231,60,2026-07-31T02:39:30.970768+00:00,llavero
c9b08b7e-9da5-4b31-b928-6b9a72b0613c,e5ca89da-0454-415b-af7d-b33170db8f56,b3870e5e-d4ed-4a02-8bca-6e033c29afbb,0,2026-05-28T00:40:35.89288+00:00,mapa 5
b71569e1-0ba6-4bea-b3da-7acae6798916,ca880ffb-6061-4ac6-a0d4-09408cb6a586,92265279-29ec-48ce-8e2a-1135ab186ed2,150,2026-04-08T23:39:44.28088+00:00,skin 1
a2bc77f1-3c53-47bf-be96-719d129a4315,4b05ea7b-f895-4ad0-9a24-0ec795b780a8,c8e4c472-da43-447e-a3db-733082db5162,150,2026-07-23T17:33:08.619279+00:00,The Trip Wanderer
37889d57-4fdf-43a1-8c5c-0b5161e6fee8,19b80725-febb-4f28-b656-8f751f2bcafc,6ee284fa-618b-470a-8253-5d980bf9a786,0,2025-12-01T00:53:10.418585+00:00,pin
14ef566b-50ea-4709-9c12-b42a605cc3ca,c64ae676-6ad2-4132-aa68-cfaf7f097833,4366ee86-7f31-48e6-8282-879de385e7a1,0,2026-07-15T21:03:31.727592+00:00,mapa 2
5825fdbb-9349-470a-8d4e-52e6acaf3ba8,c26ac474-34fb-461a-8914-d10d62beab00,8e37b000-0661-4dfa-8df1-c899ad070231,60,2025-03-23T05:09:50.992872+00:00,llavero
df9824f9-7343-4f75-bc8a-581a5ae721a9,f45a5574-93e4-46d2-be52-50064a90f85f,f244ce56-4651-4990-8407-0472b13eb3b7,0,2025-10-26T07:08:32.477283+00:00,mapa 3
b96e88e2-1ec7-47e1-9c01-a65c9aaa1b6c,8e00bbf3-b925-4b49-955a-74477998980c,8e37b000-0661-4dfa-8df1-c899ad070231,60,2025-12-24T18:42:14.028572+00:00,llavero
bdffd5f2-16b4-4b4b-a5b4-7e9522f404a6,8e00bbf3-b925-4b49-955a-74477998980c,4366ee86-7f31-48e6-8282-879de385e7a1,0,2025-01-23T07:30:43.706588+00:00,mapa 2
6142280e-0bfb-4959-ab61-1eafd2d7964f,c01f531d-5b08-4e6b-9019-afcfa553ec9e,6ee284fa-618b-470a-8253-5d980bf9a786,0,2026-03-20T06:10:09.465455+00:00,pin
f4acf8e3-7eae-4468-9cc4-e87941c2a5e7,a4238c16-38ab-4dca-b3f3-587a7e699c8c,f2e5cee0-2174-4d13-8d29-4614ed55ec18,0,2026-04-07T06:24:13.377105+00:00,mapa 4
a0ecaaa2-8796-4b13-8394-e60be8f2d520,a1be0603-c378-4390-9c59-bd49652426b0,c00a71d2-3c1c-460b-85a8-c274d78af7cd,269,2025-08-06T22:47:49.013179+00:00,"Playera ""Trip Wanderer"""
19bce51e-b4a4-40c9-8d21-b9c8bd013131,12e9562e-fd53-4ca9-9672-9d4db0de8471,59232c06-e6bc-40e5-9299-68c0e348106c,0,2026-06-27T18:58:23.547147+00:00,creo es son efectos
b35211fe-6ccb-4f37-a27f-1b54e080fda4,52d5f588-9fbd-4ded-95b9-258ee7720f2e,b3870e5e-d4ed-4a02-8bca-6e033c29afbb,0,2026-06-15T07:37:05.021305+00:00,mapa 5
2cd0d0f7-a9e1-46ac-9ed5-b53cb66683eb,52d5f588-9fbd-4ded-95b9-258ee7720f2e,81b01edf-434a-479d-8c8f-ef9a6bc08b65,369,2026-08-02T17:33:52.904833+00:00,The Trip Wanderer Heavy Hoodie
220e2506-4ed2-43fd-9074-5b28a10abf5b,52d5f588-9fbd-4ded-95b9-258ee7720f2e,81b01edf-434a-479d-8c8f-ef9a6bc08b65,369,2026-02-01T08:56:10.297917+00:00,The Trip Wanderer Heavy Hoodie
2e650f6f-33d8-4c6c-8211-6cad7143d7fc,328908af-4a71-49a6-8c6b-7804c10209a2,6ee284fa-618b-470a-8253-5d980bf9a786,0,2025-06-03T09:47:38.266416+00:00,pin
82b412ef-a8a0-4501-95d5-49c265f4cae2,328908af-4a71-49a6-8c6b-7804c10209a2,f244ce56-4651-4990-8407-0472b13eb3b7,0,2025-06-06T09:19:07.875048+00:00,mapa 3
f4fbd39b-a93e-4f6d-a9c3-61639c3ded03,52d5f588-9fbd-4ded-95b9-258ee7720f2e,59232c06-e6bc-40e5-9299-68c0e348106c,0,2026-06-26T10:15:25.308214+00:00,creo es son efectos
419c28fa-a169-4668-a791-09e42969eb56,ef09c945-c9cf-4fbd-9361-4eb0af4daf11,81b01edf-434a-479d-8c8f-ef9a6bc08b65,369,2026-06-02T17:55:32.553382+00:00,The Trip Wanderer Heavy Hoodie
11ef91d3-5087-43ac-b64b-8cb1644baf4a,b7f7256e-69ce-4c68-a4a4-a429cffd48f6,4366ee86-7f31-48e6-8282-879de385e7a1,0,2026-03-22T13:11:40.796479+00:00,mapa 2
821b406e-2eca-4a34-ae66-e256a1d4e3de,90bc7f44-d888-4d6f-b96d-9f8a30d3b7fa,4366ee86-7f31-48e6-8282-879de385e7a1,0,2025-07-05T14:02:43.477612+00:00,mapa 2
fb5f83dc-5c87-4ace-9063-028cb87f26d3,31f7035d-0e05-460a-a68e-c8bca5f5b2c3,dcd0c172-58c8-454a-bcf8-dd72204b7d18,0,2026-07-03T09:28:03.696682+00:00,skin 2
be2899cc-3c6f-4e65-8bad-71d2606212a9,31f7035d-0e05-460a-a68e-c8bca5f5b2c3,4366ee86-7f31-48e6-8282-879de385e7a1,0,2026-07-13T01:12:27.106368+00:00,mapa 2
fc0d4e35-cabd-482a-a78f-f1d45b431694,2f18a7c8-5c82-4bb2-a61d-7a77d1b86d3b,6ee284fa-618b-470a-8253-5d980bf9a786,0,2025-01-19T08:31:27.402789+00:00,pin
240eeeb4-5887-4b7b-9a1d-70c1887b1cda,2f18a7c8-5c82-4bb2-a61d-7a77d1b86d3b,637f6c5f-cef1-4074-92e3-b3f297e67c1c,0,2025-10-09T11:40:53.842017+00:00,mapa 1
cfd083cb-2543-40c3-a984-53f8a48f2f2f,2f18a7c8-5c82-4bb2-a61d-7a77d1b86d3b,92265279-29ec-48ce-8e2a-1135ab186ed2,150,2025-05-06T06:54:02.446977+00:00,skin 1
99ac6e11-2873-4fb5-819a-e429a451b6f7,2f18a7c8-5c82-4bb2-a61d-7a77d1b86d3b,46b39b3a-962c-495b-97f0-5dd6b881a4ff,349,2025-06-11T23:20:59.094868+00:00,"Funda ""Bosque Sombrío"" "
79c53db1-99b9-4d10-b0eb-256d397dcc58,3a743a59-67c1-4530-9eb7-05b135ed48d5,4366ee86-7f31-48e6-8282-879de385e7a1,0,2026-07-07T07:23:32.072044+00:00,mapa 2
ad632308-e329-479b-b6d0-5708ebdca752,d8e7575d-f725-4368-b559-268af73d7a7f,81b01edf-434a-479d-8c8f-ef9a6bc08b65,369,2025-02-27T07:07:59.472826+00:00,The Trip Wanderer Heavy Hoodie
77863bbb-df87-418b-a8aa-c87b8e55ffdf,d8e7575d-f725-4368-b559-268af73d7a7f,4366ee86-7f31-48e6-8282-879de385e7a1,0,2025-01-10T10:56:32.514668+00:00,mapa 2
c72f3232-0e7e-49a4-92e4-c04c7c0718d5,10dd8bd3-73f3-4b9d-b3b3-fdf05c6485e5,f2e5cee0-2174-4d13-8d29-4614ed55ec18,0,2026-07-05T10:07:31.112369+00:00,mapa 4
6f3358cf-227a-42a6-a9d7-cba353f908ef,e302a8a0-3011-4788-b45f-2968eccee29e,46b39b3a-962c-495b-97f0-5dd6b881a4ff,349,2026-06-06T11:57:16.67697+00:00,"Funda ""Bosque Sombrío"" "
6e8e74b4-91ec-46d4-8f10-c65b168bb3e2,85449e07-3410-4653-9d54-10697e0f0e88,6ee284fa-618b-470a-8253-5d980bf9a786,0,2026-06-09T11:38:37.454371+00:00,pin
1a2d97f3-ae1a-4325-8e1f-b6077cedb3a3,bd702596-243f-42f4-909e-7a9a85985153,637f6c5f-cef1-4074-92e3-b3f297e67c1c,0,2026-08-16T16:14:41.856128+00:00,mapa 1
8731f7f7-b34a-49af-ae07-14799ffc3dc4,0b3cd1c4-e002-4e0b-9dbd-e53653853f2d,4366ee86-7f31-48e6-8282-879de385e7a1,0,2026-03-11T06:10:08.328172+00:00,mapa 2
2b26dddb-d419-48a5-924d-6c1e1d653a73,5ea83223-4acb-4ad5-9314-3ffbc2e5ccab,8e37b000-0661-4dfa-8df1-c899ad070231,60,2025-10-29T10:04:10.348525+00:00,llavero
cb6d0bd9-7e6f-4f20-a0f4-c04cbcfc62d6,a9550173-57f0-43d4-be69-a85e4fcae72b,81b01edf-434a-479d-8c8f-ef9a6bc08b65,369,2026-08-15T06:01:29.746974+00:00,The Trip Wanderer Heavy Hoodie
b863ba9b-9068-406e-a5fc-d32e74254120,0dc7f931-7daa-4741-8418-8c367c24a9b2,b3870e5e-d4ed-4a02-8bca-6e033c29afbb,0,2025-09-18T08:46:59.389667+00:00,mapa 5
ddbe93b7-cee7-44f5-a37d-1eb4f952273d,0dc7f931-7daa-4741-8418-8c367c24a9b2,81b01edf-434a-479d-8c8f-ef9a6bc08b65,369,2025-07-15T11:57:09.984403+00:00,The Trip Wanderer Heavy Hoodie
216eea55-d38d-443f-bfbe-9e97a2679f7f,1afe2c2b-b9fc-4855-aca3-f747e6fc1bc0,f244ce56-4651-4990-8407-0472b13eb3b7,0,2026-08-09T00:38:07.921052+00:00,mapa 3
3d508d52-78e2-45b6-ae75-f05bf5918dc9,0ea52491-3343-4415-8ee8-e2cfb2352b80,97ea20fd-b43e-41db-bcce-dd1584cdfc93,0,2026-08-08T19:42:09.199507+00:00,skin 3
80eb24f2-1d3c-4165-b734-22aa66b0f138,0ea52491-3343-4415-8ee8-e2cfb2352b80,8e37b000-0661-4dfa-8df1-c899ad070231,60,2026-08-19T03:04:31.162275+00:00,llavero
10325aaa-f405-4423-aeaf-1e305dba3550,54221cf1-5e39-4726-adfa-325a2a4452e8,c8e4c472-da43-447e-a3db-733082db5162,150,2026-02-14T10:14:18.476306+00:00,The Trip Wanderer
e44211e6-46c2-40e3-8cec-9df3b8b76e8c,392f953b-7b46-4b0e-80df-9a84ddb5db21,b3870e5e-d4ed-4a02-8bca-6e033c29afbb,0,2025-08-16T02:09:53.601403+00:00,mapa 5
4c5f0f7e-4ade-4e12-82d9-cb9751e224df,ee293ea8-514a-45dc-bc60-b7a9f1d4f7ea,97ea20fd-b43e-41db-bcce-dd1584cdfc93,0,2026-06-19T08:50:53.196266+00:00,skin 3
5ccb862b-3196-40d6-8c45-2710ecdbe6e4,ee293ea8-514a-45dc-bc60-b7a9f1d4f7ea,4366ee86-7f31-48e6-8282-879de385e7a1,0,2025-11-10T03:14:44.832627+00:00,mapa 2
3fc4ce7d-e39b-42c7-b35a-87ab7fa1dc2f,5fe07bcb-22eb-4373-ac39-a7e863dfa01a,dcd0c172-58c8-454a-bcf8-dd72204b7d18,0,2026-02-20T01:53:12.96589+00:00,skin 2
fac303e3-1de7-4dac-8c26-668ec8ade132,a2ef248c-2060-4446-9ad8-93ace53670cd,c00a71d2-3c1c-460b-85a8-c274d78af7cd,269,2026-05-18T09:35:33.351464+00:00,"Playera ""Trip Wanderer"""
7a80c137-c0af-499e-a66c-b84e9ef3cec6,a2ef248c-2060-4446-9ad8-93ace53670cd,46b39b3a-962c-495b-97f0-5dd6b881a4ff,349,2026-04-10T02:23:37.226736+00:00,"Funda ""Bosque Sombrío"" "
fa08a48f-a086-4abb-bbc0-3baa53a29096,f4ee8516-bf42-4368-b32d-b80d84a4d861,b3870e5e-d4ed-4a02-8bca-6e033c29afbb,0,2026-05-11T03:53:40.576274+00:00,mapa 5
dcc9428a-864d-4cf5-9880-0794f13f6a93,9db63199-f1eb-4d6d-9f63-3175ad0f6ba0,59232c06-e6bc-40e5-9299-68c0e348106c,0,2026-05-15T20:17:17.998866+00:00,creo es son efectos
3b63bf20-20e0-4fa5-b306-0ec851c6646f,2e8d4469-375e-40c5-b9a1-29b4a2375396,5e8726e1-12c7-46ad-b773-a3f625bfe693,199,2025-02-25T21:03:58.705862+00:00,Peluche
c9a28c89-93c3-408a-91a3-478a31520bcf,5e4915cb-1577-4101-a7c5-741e869e7557,c00a71d2-3c1c-460b-85a8-c274d78af7cd,269,2026-07-23T11:05:08.865536+00:00,"Playera ""Trip Wanderer"""
491c7d34-30e1-423c-88d6-f229410391e1,5e4915cb-1577-4101-a7c5-741e869e7557,5eb991bd-33fb-413b-b96b-e481b7aafacb,399.99,2026-05-17T16:11:35.054702+00:00,"Gorra Snapback ""TRIP"" "
a07f117a-b585-420e-9be0-33e676c9f736,bcfa8eab-b295-4197-bf81-8f80cae0a219,c00a71d2-3c1c-460b-85a8-c274d78af7cd,269,2026-01-17T18:39:25.347562+00:00,"Playera ""Trip Wanderer"""
ba5953c1-1f20-4ca7-a00f-b92ca6cae193,bcfa8eab-b295-4197-bf81-8f80cae0a219,81b01edf-434a-479d-8c8f-ef9a6bc08b65,369,2026-03-09T13:06:50.025558+00:00,The Trip Wanderer Heavy Hoodie
d35f55d8-8a28-453c-8b29-2ad842ee7b6d,a8e4fb50-f4ef-4f25-877d-5dc3aa9f5dd8,59232c06-e6bc-40e5-9299-68c0e348106c,0,2026-08-14T18:03:10.123368+00:00,creo es son efectos
d36f893d-3d9f-4c76-9a44-9840d805e0a2,3f25933b-4405-4fd8-b071-2b00376f76d6,f2e5cee0-2174-4d13-8d29-4614ed55ec18,0,2026-03-30T08:07:49.940869+00:00,mapa 4
7c3b813b-e62a-48a2-8942-7e26db329ddb,3f25933b-4405-4fd8-b071-2b00376f76d6,46b39b3a-962c-495b-97f0-5dd6b881a4ff,349,2026-08-04T12:11:26.305448+00:00,"Funda ""Bosque Sombrío"" "
1fd57b9b-714e-4362-a81d-36c30ab6e86c,6f05024b-2d8a-49fd-a703-3f7487b8ba1e,f244ce56-4651-4990-8407-0472b13eb3b7,0,2025-03-03T05:48:43.08457+00:00,mapa 3
5ec336f5-dc69-4632-98af-dd1103f74acc,6f05024b-2d8a-49fd-a703-3f7487b8ba1e,dcd0c172-58c8-454a-bcf8-dd72204b7d18,0,2025-01-10T12:43:42.348475+00:00,skin 2
ae2ce4bf-9e76-4645-aac1-857c0024c944,d0592d6c-1ab6-46e6-99a5-c5001d0c3972,c8e4c472-da43-447e-a3db-733082db5162,150,2025-12-10T21:07:40.190763+00:00,The Trip Wanderer
64cf9459-c830-41a3-956d-ebbed376e573,d0592d6c-1ab6-46e6-99a5-c5001d0c3972,f2e5cee0-2174-4d13-8d29-4614ed55ec18,0,2025-10-02T01:02:20.334648+00:00,mapa 4
c43344ad-a7f9-45ee-b78c-772eb32a25ae,6d24331f-080e-4e9c-aef9-06350168d566,b3870e5e-d4ed-4a02-8bca-6e033c29afbb,0,2025-11-15T01:33:30.188062+00:00,mapa 5
3f4c7474-a36f-49ff-bb15-13d1bf536c4a,3a342104-573d-4de8-8407-991925cfe259,b3870e5e-d4ed-4a02-8bca-6e033c29afbb,0,2026-08-08T02:55:47.455133+00:00,mapa 5
1d443ce0-a2ff-48d9-b8ee-5982ec888df5,95afddbe-14f0-4344-881d-f2afc0777d3d,81b01edf-434a-479d-8c8f-ef9a6bc08b65,369,2026-03-01T05:20:11.297601+00:00,The Trip Wanderer Heavy Hoodie
abb980a8-4a06-42a7-b0bc-12d511d0ff5c,4cb04f49-3e31-4544-877a-68125a146ea2,4366ee86-7f31-48e6-8282-879de385e7a1,0,2026-06-23T14:18:40.651335+00:00,mapa 2
5474e43c-3e47-45dd-a3be-f5348a1d61a8,897d02c3-131d-45b4-83b0-d991ec413910,5e8726e1-12c7-46ad-b773-a3f625bfe693,199,2026-03-17T06:18:09.263732+00:00,Peluche
90b077b1-a0d8-411a-96ac-f9175dc2402f,897d02c3-131d-45b4-83b0-d991ec413910,92265279-29ec-48ce-8e2a-1135ab186ed2,150,2026-06-20T14:22:15.799641+00:00,skin 1
4ad663c2-de29-4367-9fcc-877b43d603f7,2d51be33-fbbc-4c22-86cc-1cdb9411c43b,81b01edf-434a-479d-8c8f-ef9a6bc08b65,369,2025-12-31T22:14:37.869383+00:00,The Trip Wanderer Heavy Hoodie
88566fe5-4b79-4c36-a822-35e9d9f8b326,4d917db5-bc52-444e-bb9c-8415f7ad652a,b3870e5e-d4ed-4a02-8bca-6e033c29afbb,0,2026-06-15T21:46:25.821873+00:00,mapa 5
56b158c4-8a54-45aa-9af7-7c27a8d01c00,57be1a98-f517-4101-8ca7-05a6245de2f0,5e8726e1-12c7-46ad-b773-a3f625bfe693,199,2026-02-14T11:25:25.0881+00:00,Peluche
97e28216-600d-4604-97dc-6a39e2be1f64,2dbec0fb-07dc-4e8a-9f67-eb5dafdf092f,6ee284fa-618b-470a-8253-5d980bf9a786,0,2026-05-24T09:00:19.646088+00:00,pin
ee170819-e20f-4dee-9bf2-af0c662c2f03,ace9bef7-5036-4418-b890-b0380e958c46,637f6c5f-cef1-4074-92e3-b3f297e67c1c,0,2026-02-23T21:35:06.379175+00:00,mapa 1
aa2d8d0e-ab8a-4c72-b20c-f4381ffb4192,9f6a9193-21e1-4914-b0a2-18c1e94ca983,92265279-29ec-48ce-8e2a-1135ab186ed2,150,2026-07-13T19:03:59.884961+00:00,skin 1
7879ffbd-5912-46c2-ae5f-9fcdb00754b1,3596c305-185b-424a-a705-58c238728d04,637f6c5f-cef1-4074-92e3-b3f297e67c1c,0,2026-08-01T12:01:14.616739+00:00,mapa 1
b7f2f4d6-927b-4dfc-9098-0f580313703c,3596c305-185b-424a-a705-58c238728d04,92265279-29ec-48ce-8e2a-1135ab186ed2,150,2026-03-12T08:20:56.802484+00:00,skin 1
2b2056c3-98cb-4282-81c5-15efca6c1d7d,463617c7-1caa-46a1-8670-589b5e5ef75e,6ee284fa-618b-470a-8253-5d980bf9a786,0,2026-05-15T21:40:01.945425+00:00,pin
87540384-f788-4f30-b80b-71009a7c3ed9,463617c7-1caa-46a1-8670-589b5e5ef75e,92265279-29ec-48ce-8e2a-1135ab186ed2,150,2026-02-16T16:04:34.163266+00:00,skin 1
20fba8f6-2c65-4e50-ac36-3b806e5656c8,461255f2-13bc-4c22-af38-79904e2a469b,f2e5cee0-2174-4d13-8d29-4614ed55ec18,0,2026-07-11T04:27:38.965589+00:00,mapa 4
c17c566c-4b84-42da-8778-181de5814665,a0c13d80-878e-4401-85da-708a11f25a4d,81b01edf-434a-479d-8c8f-ef9a6bc08b65,369,2025-04-23T19:08:41.940911+00:00,The Trip Wanderer Heavy Hoodie
de8f0592-ec95-4759-bcbc-d1fe4fc48a3f,d5e23072-f835-4c10-a7c8-b3571ecc12e0,b3870e5e-d4ed-4a02-8bca-6e033c29afbb,0,2026-03-21T23:39:44.225178+00:00,mapa 5
befc036f-f765-40ab-9b21-cf8028812bc5,d248cf24-20a7-4e98-a76d-b7ef9f280213,5eb991bd-33fb-413b-b96b-e481b7aafacb,399.99,2026-04-15T03:37:04.580162+00:00,"Gorra Snapback ""TRIP"" "
6c304ab7-beab-40ca-8e05-945114639bb3,825a5350-7013-4e50-a033-e4fcb616cd5d,59232c06-e6bc-40e5-9299-68c0e348106c,0,2025-01-10T21:07:45.758106+00:00,creo es son efectos
ea8161b0-87a5-4683-826f-57a4ac17cb59,825a5350-7013-4e50-a033-e4fcb616cd5d,c00a71d2-3c1c-460b-85a8-c274d78af7cd,269,2025-11-22T15:01:49.489019+00:00,"Playera ""Trip Wanderer"""
4b846d9b-75f9-4c70-abb2-0640f2e6ff0c,b19fce55-b253-4f0c-8d3d-66a02e0b7221,c00a71d2-3c1c-460b-85a8-c274d78af7cd,269,2026-08-08T06:48:37.355526+00:00,"Playera ""Trip Wanderer"""
ad789c88-eb7f-4d39-a8cb-54dc8342ad6c,66cc9e5d-0f6e-4fd1-b44f-2225b3ecbd0b,f2e5cee0-2174-4d13-8d29-4614ed55ec18,0,2025-02-10T08:26:26.753801+00:00,mapa 4
2b25a718-5558-420d-897d-34c70cbc6655,1739f519-c998-4ff1-9319-327a36af1e79,92265279-29ec-48ce-8e2a-1135ab186ed2,150,2026-08-08T04:36:13.259553+00:00,skin 1
73691d1d-1b17-4eaf-a774-a3e71d2b59f5,c769a9b5-3525-4dfe-9544-5211bfaa5c55,f2e5cee0-2174-4d13-8d29-4614ed55ec18,0,2026-07-13T00:21:08.527814+00:00,mapa 4
4771e97d-ab81-4829-a1e6-f6cd6db33acb,e179d13c-268a-44bb-b794-2f96ce2cf7bf,f244ce56-4651-4990-8407-0472b13eb3b7,0,2026-08-09T00:59:25.593563+00:00,mapa 3
8e7d4ba8-2b5c-45da-85c2-483f9c98c8a4,754a67a8-29f8-46a2-8d0a-5ccbc2e3e5cc,dcd0c172-58c8-454a-bcf8-dd72204b7d18,0,2026-08-03T08:27:09.485488+00:00,skin 2
f04c9c3e-8aeb-488c-9f45-494bc810debf,754a67a8-29f8-46a2-8d0a-5ccbc2e3e5cc,92265279-29ec-48ce-8e2a-1135ab186ed2,150,2026-08-13T01:47:04.414469+00:00,skin 1
f64ba992-5d03-4345-bb55-e888be188804,7b5152a0-1985-412c-8506-85f020ec5155,637f6c5f-cef1-4074-92e3-b3f297e67c1c,0,2026-02-06T22:39:38.871743+00:00,mapa 1
b853b745-df0e-4493-aa9d-a62995a50307,7b5152a0-1985-412c-8506-85f020ec5155,dcd0c172-58c8-454a-bcf8-dd72204b7d18,0,2025-12-23T22:22:15.2712+00:00,skin 2
49dd3b35-9793-45d0-bf03-7641520ab50a,fc16bade-e7c4-4831-9342-918f0d195b97,59232c06-e6bc-40e5-9299-68c0e348106c,0,2026-05-08T09:53:10.117353+00:00,creo es son efectos
b5b7a67f-9406-4675-a0f9-c23e10f6fa2b,79a9df9b-89d1-4c37-b2ff-fa680aa083e3,81b01edf-434a-479d-8c8f-ef9a6bc08b65,369,2026-04-14T03:26:51.170307+00:00,The Trip Wanderer Heavy Hoodie
19c54d0e-64c1-4b10-93a3-06d1ce065a93,79a9df9b-89d1-4c37-b2ff-fa680aa083e3,46b39b3a-962c-495b-97f0-5dd6b881a4ff,349,2026-05-01T08:11:59.615993+00:00,"Funda ""Bosque Sombrío"" "
29150e91-dbc9-456e-9d45-7ac59765b1b9,5e4ebfb8-c279-49a7-a60e-f6d838799ca7,4366ee86-7f31-48e6-8282-879de385e7a1,0,2026-05-22T18:50:46.85391+00:00,mapa 2
cd1a332e-145d-49ac-aebc-36e72688e8aa,c85d9207-d157-4fd1-8e9e-a7b2d816bebb,dcd0c172-58c8-454a-bcf8-dd72204b7d18,0,2026-07-25T09:23:13.437377+00:00,skin 2
32868736-2b0b-4265-b61e-5c64ad715c1d,e8043f64-b723-460c-851d-ede1acf237f5,92265279-29ec-48ce-8e2a-1135ab186ed2,150,2025-11-13T09:29:48.038578+00:00,skin 1
e2122596-b516-4030-aec5-e0c722335fde,e1e3b126-92ca-4626-b83a-472b8c645d22,637f6c5f-cef1-4074-92e3-b3f297e67c1c,0,2026-01-25T01:19:28.854367+00:00,mapa 1
5c2d8e4f-1df4-4cf1-9ad7-5e8b8e20adad,e1e3b126-92ca-4626-b83a-472b8c645d22,c00a71d2-3c1c-460b-85a8-c274d78af7cd,269,2025-11-17T17:02:30.451278+00:00,"Playera ""Trip Wanderer"""
a03bfa13-5d3b-452f-a355-08554227d916,91b1b173-ef4b-4976-bbe4-00aa17a13819,5e8726e1-12c7-46ad-b773-a3f625bfe693,199,2026-03-26T02:39:49.097192+00:00,Peluche
dbb7f291-7c3c-491b-95b7-3215f06ba56d,cbe85c1c-dc30-490e-96ef-feda246dbe1d,c00a71d2-3c1c-460b-85a8-c274d78af7cd,269,2025-06-18T15:31:37.689027+00:00,"Playera ""Trip Wanderer"""
d3367354-03ae-45a0-8970-8d8786aaa2af,cbe85c1c-dc30-490e-96ef-feda246dbe1d,5eb991bd-33fb-413b-b96b-e481b7aafacb,399.99,2025-05-05T18:38:12.949197+00:00,"Gorra Snapback ""TRIP"" "
5cb30949-46f8-408b-9e77-25e6132787d6,c707f64d-0891-474f-9750-714e0b9c5841,46b39b3a-962c-495b-97f0-5dd6b881a4ff,349,2026-08-09T14:16:23.661124+00:00,"Funda ""Bosque Sombrío"" "
663eaf1f-9362-4a4e-9333-217add3b24db,7f87e769-cca1-43c2-ae6d-bd46541db7c1,46b39b3a-962c-495b-97f0-5dd6b881a4ff,349,2025-08-29T18:33:36.210655+00:00,"Funda ""Bosque Sombrío"" "
26ae7ad5-5b23-4c61-95ec-53fc9dd1a749,1acb3e34-f46f-4e0b-8fbc-d97d566b022f,81b01edf-434a-479d-8c8f-ef9a6bc08b65,369,2025-03-30T14:58:05.755951+00:00,The Trip Wanderer Heavy Hoodie
b514a5cb-d730-4527-9028-a031826373a2,a21c2761-5cfc-4b8c-8875-4fcc2f39963d,6ee284fa-618b-470a-8253-5d980bf9a786,0,2026-06-08T15:58:31.104362+00:00,pin
572b31bd-c0ba-4d94-aed3-70fa4811cd25,6d57e69c-0949-4062-8d55-423011b3ece4,59232c06-e6bc-40e5-9299-68c0e348106c,0,2026-07-20T22:47:54.995478+00:00,creo es son efectos
07a92c70-4d67-4fa4-9c14-c0ef2e655516,36d480d4-5e0f-4aba-80ad-6c5d729ad090,f2e5cee0-2174-4d13-8d29-4614ed55ec18,0,2025-07-24T12:29:48.927943+00:00,mapa 4
ed44ba25-eae5-4dc1-930e-204c481486c2,36d480d4-5e0f-4aba-80ad-6c5d729ad090,637f6c5f-cef1-4074-92e3-b3f297e67c1c,0,2025-10-07T22:49:29.687533+00:00,mapa 1
1dcfd6c1-fb3d-4200-8f59-613f9285d789,06c696d2-a14d-4146-9b75-75fb843862a4,f244ce56-4651-4990-8407-0472b13eb3b7,0,2025-10-18T03:33:58.595168+00:00,mapa 3
dbbdbfcb-40fe-43f4-922b-47ca9098bfcc,77a070b3-1f84-40e0-ba97-a19c879c4f61,b3870e5e-d4ed-4a02-8bca-6e033c29afbb,0,2025-02-20T02:07:40.893497+00:00,mapa 5
d476bf36-14e4-4c54-8a40-0477fb9b1e69,dacbc17f-7851-4ddb-a4a2-634032d15270,5eb991bd-33fb-413b-b96b-e481b7aafacb,399.99,2026-06-11T18:23:30.426606+00:00,"Gorra Snapback ""TRIP"" "
c925a75b-5fe7-45c9-b7d4-5c0e99ae43f9,f8e9d587-7b2c-4aac-9cdd-25f35004f41b,dcd0c172-58c8-454a-bcf8-dd72204b7d18,0,2026-02-27T19:23:06.370163+00:00,skin 2
c1cad47d-0d4e-48fe-a570-bc6a67183275,11fba15f-78a2-4f95-a28b-c61a4cf4226c,46b39b3a-962c-495b-97f0-5dd6b881a4ff,349,2025-11-28T20:42:00.476316+00:00,"Funda ""Bosque Sombrío"" "
f429edf9-58bb-43a7-a01e-7a74ddf7e3d8,3b18c8c8-a229-47eb-8e1a-939f8b8a1e12,dcd0c172-58c8-454a-bcf8-dd72204b7d18,0,2025-10-01T22:59:03.26818+00:00,skin 2
65776e33-811b-42cd-be4b-cf69b988d115,3b18c8c8-a229-47eb-8e1a-939f8b8a1e12,8e37b000-0661-4dfa-8df1-c899ad070231,60,2025-09-19T06:08:42.245525+00:00,llavero
0cc3b5a5-f728-450c-9a91-04bcd0366752,6662651c-eb8d-4e0f-9df9-94b58f829711,637f6c5f-cef1-4074-92e3-b3f297e67c1c,0,2025-11-20T17:04:40.496282+00:00,mapa 1
875db0f4-ed37-4a35-8279-8d747b71c51c,7e64bef6-a891-44dc-8e78-bf7dffbd3ee6,97ea20fd-b43e-41db-bcce-dd1584cdfc93,0,2025-06-16T06:18:03.505872+00:00,skin 3
1179271d-b889-4173-a9e0-22aec5ad64ec,faafd11e-d629-4191-8502-ed4d41c7334e,46b39b3a-962c-495b-97f0-5dd6b881a4ff,349,2026-03-25T16:22:40.214851+00:00,"Funda ""Bosque Sombrío"" "
751efff4-6594-44ae-9849-13e57d7d2cdb,0f2ace88-80d6-41cd-be79-da9e2c4192e0,637f6c5f-cef1-4074-92e3-b3f297e67c1c,0,2025-06-10T21:28:58.458855+00:00,mapa 1
d84bfd3f-f346-45c0-b9b2-6cd9e9b03e6f,f9d39959-4b5d-4500-9c41-574d7c31e557,637f6c5f-cef1-4074-92e3-b3f297e67c1c,0,2025-09-08T01:04:26.791458+00:00,mapa 1
dba71235-5027-4f31-b118-0fab5dd6494e,f9d39959-4b5d-4500-9c41-574d7c31e557,4366ee86-7f31-48e6-8282-879de385e7a1,0,2026-08-18T10:00:23.303465+00:00,mapa 2
31fcb0da-f126-4b5e-9ace-a3f30bb45ab7,8a108c30-cd42-4bc7-933a-57adda553ab9,4366ee86-7f31-48e6-8282-879de385e7a1,0,2026-08-07T13:35:54.805714+00:00,mapa 2
0a792f1c-53ed-4ac4-b43e-73793b233e13,5aea57dc-194a-488c-aff3-b8297a278b2d,f2e5cee0-2174-4d13-8d29-4614ed55ec18,0,2026-07-21T19:26:54.82841+00:00,mapa 4
381082d2-4573-46b6-8222-d89111e7f163,b778c223-ebc3-4152-8375-02692f292d92,f2e5cee0-2174-4d13-8d29-4614ed55ec18,0,2026-02-22T10:12:47.57689+00:00,mapa 4
52ebc9b4-ef9a-4b2f-aee3-62bbd1b86d84,ef42487f-ba1d-4111-8bb4-d468066ad8e1,c00a71d2-3c1c-460b-85a8-c274d78af7cd,269,2025-10-04T22:14:44.635359+00:00,"Playera ""Trip Wanderer"""
f3bd3417-5341-46d0-b8b8-8720c8e5d2ed,ef42487f-ba1d-4111-8bb4-d468066ad8e1,637f6c5f-cef1-4074-92e3-b3f297e67c1c,0,2025-10-13T10:00:12.074373+00:00,mapa 1
41ec5cf3-b1dd-4b96-9782-0e517beb30a5,df1956db-0a74-4a03-ad32-da0149da7558,c00a71d2-3c1c-460b-85a8-c274d78af7cd,269,2026-05-04T09:51:14.070066+00:00,"Playera ""Trip Wanderer"""
d4861eb6-b1ed-47fe-ad26-67a831e00446,df1956db-0a74-4a03-ad32-da0149da7558,59232c06-e6bc-40e5-9299-68c0e348106c,0,2026-05-18T22:53:07.077942+00:00,creo es son efectos
586b9cce-52e0-474e-b35e-6e0e6858fc8d,99024ab6-a5bb-4f35-883f-f7650ef1d9e1,92265279-29ec-48ce-8e2a-1135ab186ed2,150,2025-10-29T18:03:36.578357+00:00,skin 1
cf14e052-b74a-42dd-9fdd-b3cd91c8ea97,99024ab6-a5bb-4f35-883f-f7650ef1d9e1,f2e5cee0-2174-4d13-8d29-4614ed55ec18,0,2026-03-20T20:57:58.566014+00:00,mapa 4
12d5f80d-14a5-48d5-8bf1-b96ff7e9a833,24b4d8bc-68a0-41f6-a4c3-5b9fe5872cd9,46b39b3a-962c-495b-97f0-5dd6b881a4ff,349,2026-08-05T01:33:43.987431+00:00,"Funda ""Bosque Sombrío"" "
f8cad554-ad48-4a13-b9bc-667fa3a275f4,90a7fee8-9c98-4ee8-9bd3-abad40a5d492,5eb991bd-33fb-413b-b96b-e481b7aafacb,399.99,2026-05-23T10:07:06.107508+00:00,"Gorra Snapback ""TRIP"" "
3bb8647a-53bb-4114-b79d-de385d125b8f,132a9dc1-a915-4c43-8004-59926892c6f9,637f6c5f-cef1-4074-92e3-b3f297e67c1c,0,2026-03-24T17:30:18.596106+00:00,mapa 1
315a3e4a-1c6d-49fd-8a6a-bb9d03366ee8,132a9dc1-a915-4c43-8004-59926892c6f9,5eb991bd-33fb-413b-b96b-e481b7aafacb,399.99,2026-06-03T13:54:48.88834+00:00,"Gorra Snapback ""TRIP"" "
e5c9f34f-c93a-4033-aa87-114f95f6727c,132a9dc1-a915-4c43-8004-59926892c6f9,81b01edf-434a-479d-8c8f-ef9a6bc08b65,369,2025-05-24T11:30:42.15603+00:00,The Trip Wanderer Heavy Hoodie
b897f1b4-76ec-4485-abce-f3fa2b420fb0,132a9dc1-a915-4c43-8004-59926892c6f9,8e37b000-0661-4dfa-8df1-c899ad070231,60,2026-05-24T17:28:13.360625+00:00,llavero
8fb4c085-18ba-4e3a-9787-781cb7880591,f83fcdae-0818-4c84-a9f0-75f1383ad271,4366ee86-7f31-48e6-8282-879de385e7a1,0,2026-03-29T08:11:41.417803+00:00,mapa 2
96d0082c-d3d9-445f-9b7c-b6f9475177c6,f83fcdae-0818-4c84-a9f0-75f1383ad271,f244ce56-4651-4990-8407-0472b13eb3b7,0,2026-08-06T11:25:18.234382+00:00,mapa 3
3e7854b6-1e9e-49a7-bbad-25e403294157,f83fcdae-0818-4c84-a9f0-75f1383ad271,5e8726e1-12c7-46ad-b773-a3f625bfe693,199,2026-04-11T04:54:59.688007+00:00,Peluche
b6e9f90e-957f-4a96-a896-56ca7fad96cd,f83fcdae-0818-4c84-a9f0-75f1383ad271,5e8726e1-12c7-46ad-b773-a3f625bfe693,199,2026-07-25T16:50:20.495852+00:00,Peluche
15c614b1-84ec-4b61-8443-e36a97bd1366,ebe302ce-4052-4afa-94bb-c9f8d6e582bc,5eb991bd-33fb-413b-b96b-e481b7aafacb,399.99,2025-08-24T02:36:22.791053+00:00,"Gorra Snapback ""TRIP"" "
7aef2dd8-ec56-48ba-82e5-f12d195349ed,ebe302ce-4052-4afa-94bb-c9f8d6e582bc,59232c06-e6bc-40e5-9299-68c0e348106c,0,2025-06-07T22:53:49.856129+00:00,creo es son efectos
b2842305-694a-4fc7-82d8-5f0ec591b9d8,6e5fef03-7cd6-4dd3-b72f-7e24053b9c7d,f244ce56-4651-4990-8407-0472b13eb3b7,0,2026-03-29T06:48:05.637258+00:00,mapa 3
4c20589b-35c7-4de8-b57e-b2b367b6e59a,0751f2ad-b5c6-40a9-8776-ae595dbab3cf,8e37b000-0661-4dfa-8df1-c899ad070231,60,2026-07-19T20:17:59.463707+00:00,llavero
b5ff42e3-1b65-41fd-a78e-ab5bc2eeec95,a6ec764b-bd5e-4bd0-8234-24a129e57f8e,97ea20fd-b43e-41db-bcce-dd1584cdfc93,0,2026-08-12T05:23:35.802181+00:00,skin 3
115c7b68-4911-46ec-b24e-6a02b5785234,a6ec764b-bd5e-4bd0-8234-24a129e57f8e,637f6c5f-cef1-4074-92e3-b3f297e67c1c,0,2026-08-18T10:45:03.240529+00:00,mapa 1
bb2e3466-0150-491c-b7a2-62b3c0fe236b,f9697a8d-b8f6-4f7d-993e-e10643d1a9b2,81b01edf-434a-479d-8c8f-ef9a6bc08b65,369,2025-10-22T10:21:24.774206+00:00,The Trip Wanderer Heavy Hoodie
a6ceecc3-bf01-4e1d-80c0-8444b49e3cdc,f9697a8d-b8f6-4f7d-993e-e10643d1a9b2,f2e5cee0-2174-4d13-8d29-4614ed55ec18,0,2025-10-27T06:39:14.647904+00:00,mapa 4
5e40fa5f-3089-4bf5-8ee2-015b8ed82969,ce7216ba-7c86-4830-a0ba-f4018b16011e,dcd0c172-58c8-454a-bcf8-dd72204b7d18,0,2024-11-03T03:05:08.414149+00:00,skin 2
30e34a2a-b1c4-4eeb-a87f-fb8f13de762c,ce7216ba-7c86-4830-a0ba-f4018b16011e,c00a71d2-3c1c-460b-85a8-c274d78af7cd,269,2025-06-14T21:53:28.402526+00:00,"Playera ""Trip Wanderer"""
f1023182-9e83-48d9-8785-9e5561e3f5ec,f02e396e-33b5-405f-92ab-dccdbffdc87e,637f6c5f-cef1-4074-92e3-b3f297e67c1c,0,2025-06-04T10:56:27.020909+00:00,mapa 1
ce4e4653-5583-48b8-81ec-304a04da406b,1b12814d-623b-4f2d-ab95-ac4898be502a,4366ee86-7f31-48e6-8282-879de385e7a1,0,2025-08-26T08:28:12.79278+00:00,mapa 2
a16a3581-3cf0-41f1-94e0-6cee82847ada,3132d732-0ea3-4d93-bae8-7cc40450c12e,f244ce56-4651-4990-8407-0472b13eb3b7,0,2025-10-14T09:07:45.260501+00:00,mapa 3
7d18ac81-ecdc-410b-a548-abc80718c82d,18ad3e68-ae7d-4d4b-8b14-f56d2fd8ad2e,81b01edf-434a-479d-8c8f-ef9a6bc08b65,369,2026-08-05T23:58:33.84466+00:00,The Trip Wanderer Heavy Hoodie
76e5e696-db8f-4dc2-a0bc-3ec828a94f09,90e423bb-327a-43b5-b347-f335bedcc0f6,59232c06-e6bc-40e5-9299-68c0e348106c,0,2026-01-13T06:33:28.689011+00:00,creo es son efectos
3508adab-dada-48f8-acbd-4bd4adb7e3d0,de27a5b2-2d53-48cc-8ae6-4d74cd189a30,4366ee86-7f31-48e6-8282-879de385e7a1,0,2025-02-19T17:35:54.614734+00:00,mapa 2
48ae4048-7ec4-4bf1-80be-41f776f520db,de27a5b2-2d53-48cc-8ae6-4d74cd189a30,f2e5cee0-2174-4d13-8d29-4614ed55ec18,0,2025-02-17T05:53:38.312418+00:00,mapa 4
a45ac8bb-d6c0-464a-88aa-3f41d1eb7d3f,4d253c4c-0b14-4c69-a336-67ee0f392276,5e8726e1-12c7-46ad-b773-a3f625bfe693,199,2025-12-16T19:39:06.548585+00:00,Peluche
ca68c54b-adfd-48e6-a50f-6ebdd898cf15,5d479b2a-887e-42c5-b5bd-ca7ea344c4ea,b3870e5e-d4ed-4a02-8bca-6e033c29afbb,0,2025-04-30T07:16:48.99541+00:00,mapa 5
69bb9dfc-1a53-44af-9013-9126dc1fbcf4,30113e2a-fbc6-4512-8d91-8bbcfed5aa82,81b01edf-434a-479d-8c8f-ef9a6bc08b65,369,2026-08-18T05:14:11.927305+00:00,The Trip Wanderer Heavy Hoodie
ad37a76c-21c0-480b-9444-7e2b14c5e96b,56cee11f-6c83-4355-88cc-a57dc65b9bf5,92265279-29ec-48ce-8e2a-1135ab186ed2,150,2026-02-11T21:11:27.969904+00:00,skin 1
9685d3ac-cc14-4064-aad7-74350b714602,eb00a01e-827d-417d-97c5-4fd0a472b26d,8e37b000-0661-4dfa-8df1-c899ad070231,60,2026-01-29T06:43:31.573361+00:00,llavero
1c70e412-9206-422d-902e-0129c3828cf1,eb00a01e-827d-417d-97c5-4fd0a472b26d,637f6c5f-cef1-4074-92e3-b3f297e67c1c,0,2026-03-17T11:47:38.582231+00:00,mapa 1
0758ca67-0e6a-45be-b2dc-879dc7604014,013ea5e8-fcd1-4e16-b975-ca7e2de115f0,b3870e5e-d4ed-4a02-8bca-6e033c29afbb,0,2025-04-11T01:37:32.265783+00:00,mapa 5
1ddaf1e0-dd8f-4177-bcca-6a03f8147808,a4a228f3-8c25-4c10-854f-576c74a31a80,97ea20fd-b43e-41db-bcce-dd1584cdfc93,0,2026-06-22T12:29:32.314328+00:00,skin 3
6d7c9b69-951f-4c75-a7fa-b186a5f7555f,9a736b81-653f-4a61-a84a-c35d0c384e51,4366ee86-7f31-48e6-8282-879de385e7a1,0,2025-08-26T01:28:51.425518+00:00,mapa 2
6ab372e6-bc25-4653-8f04-b256b6036ec9,30dc2319-8e6d-47e9-9bda-a2534967069b,c00a71d2-3c1c-460b-85a8-c274d78af7cd,269,2025-09-12T12:20:23.896307+00:00,"Playera ""Trip Wanderer"""
c3913adf-bcd0-4377-b581-eef4cb90c449,f8a862ca-36f8-4dec-99bd-95b6bf5da112,6ee284fa-618b-470a-8253-5d980bf9a786,0,2025-09-27T10:28:48.032783+00:00,pin
b7459e25-e2b8-4c2d-9702-645534a53bb6,f8a862ca-36f8-4dec-99bd-95b6bf5da112,46b39b3a-962c-495b-97f0-5dd6b881a4ff,349,2026-06-16T02:12:35.028822+00:00,"Funda ""Bosque Sombrío"" "
abcba10e-c216-4a8c-bb51-aa0b79e68b6c,f8a862ca-36f8-4dec-99bd-95b6bf5da112,81b01edf-434a-479d-8c8f-ef9a6bc08b65,369,2025-09-25T01:03:53.484573+00:00,The Trip Wanderer Heavy Hoodie
7ecb0cfa-44b1-480b-b377-3b1f94d70b76,6fa6945a-ae6d-4f1c-9b48-a623452340f9,f244ce56-4651-4990-8407-0472b13eb3b7,0,2026-08-19T21:32:18.964806+00:00,mapa 3
d5eace68-735f-4e23-9749-dcd633e9e1c4,80f91bff-d2a8-4301-a220-f910f3abdb0a,637f6c5f-cef1-4074-92e3-b3f297e67c1c,0,2026-04-01T20:14:01.344454+00:00,mapa 1
14360ed8-bbca-4cf8-bb8e-8e42202728c5,80f91bff-d2a8-4301-a220-f910f3abdb0a,6ee284fa-618b-470a-8253-5d980bf9a786,0,2026-05-20T00:04:38.939957+00:00,pin
0d855023-dc58-4b5a-a503-ee4c9f29134c,20b1437c-413e-47c6-b605-bdca4ca45af5,c00a71d2-3c1c-460b-85a8-c274d78af7cd,269,2025-10-23T04:52:21.580601+00:00,"Playera ""Trip Wanderer"""
ddad29df-36c3-445a-8cae-2d14820607e4,029db3b5-5676-4782-b9d7-ec67dd36a401,8e37b000-0661-4dfa-8df1-c899ad070231,60,2025-01-16T09:02:25.063912+00:00,llavero
d860b212-0618-4810-95cc-78da557e6773,2b9f8619-9da4-4e1b-b873-4e8095b99ca7,637f6c5f-cef1-4074-92e3-b3f297e67c1c,0,2026-08-05T09:23:09.430832+00:00,mapa 1
caedecb6-343c-44e0-a0d2-b7f0f86bb9a7,54c0efb0-d266-44e8-998a-3983f83fd0e2,4366ee86-7f31-48e6-8282-879de385e7a1,0,2026-08-15T18:50:57.500863+00:00,mapa 2
9423ba87-ac26-4f9b-b1c0-2aac141734ff,6dd3487f-5723-4811-b5e7-143f4ee0da8f,4366ee86-7f31-48e6-8282-879de385e7a1,0,2026-08-02T20:39:09.689548+00:00,mapa 2
8b2f58fd-957a-46cc-a5c8-12d0c85977cd,6dd3487f-5723-4811-b5e7-143f4ee0da8f,5e8726e1-12c7-46ad-b773-a3f625bfe693,199,2026-07-20T09:30:42.482824+00:00,Peluche
225e7785-9e92-4e3c-8938-16b553bb27c6,67d387e5-c035-424f-808a-204b9b758434,92265279-29ec-48ce-8e2a-1135ab186ed2,150,2026-07-17T14:09:01.750339+00:00,skin 1
41e69285-3274-45fd-9def-de9728f496b9,67d387e5-c035-424f-808a-204b9b758434,5eb991bd-33fb-413b-b96b-e481b7aafacb,399.99,2026-04-29T19:45:03.791446+00:00,"Gorra Snapback ""TRIP"" "
325357cf-d119-49a5-8c3b-accd7054dcf0,24692f30-287f-4212-b0bf-f562cc4a79fe,f244ce56-4651-4990-8407-0472b13eb3b7,0,2026-01-20T22:46:41.985157+00:00,mapa 3
704e791b-18c4-4e25-beee-dd1d5a2ed900,3f41c14a-6f06-472d-b6f0-40d05954e775,92265279-29ec-48ce-8e2a-1135ab186ed2,150,2026-06-15T19:34:23.101598+00:00,skin 1
f10c964d-827c-44b2-88ba-88a58b0d9010,3f41c14a-6f06-472d-b6f0-40d05954e775,637f6c5f-cef1-4074-92e3-b3f297e67c1c,0,2026-07-18T20:22:02.513826+00:00,mapa 1
76190f58-b1c4-4f87-8186-ca89876c9853,4a6349fb-35b4-41ae-8965-794e76a0d73c,637f6c5f-cef1-4074-92e3-b3f297e67c1c,0,2025-12-28T08:58:41.805816+00:00,mapa 1
d535a7e6-725f-4d24-ba81-3b240ce47a9a,4a6349fb-35b4-41ae-8965-794e76a0d73c,4366ee86-7f31-48e6-8282-879de385e7a1,0,2026-04-24T13:28:08.198355+00:00,mapa 2
7764efc5-371b-4c5e-918e-98a8ea76faab,1d01e77d-6099-489a-be4f-a7974aa407aa,5eb991bd-33fb-413b-b96b-e481b7aafacb,399.99,2026-08-15T00:49:45.104257+00:00,"Gorra Snapback ""TRIP"" "
acc2cd41-3f10-4f98-b9ac-1e724f800ba5,1d01e77d-6099-489a-be4f-a7974aa407aa,59232c06-e6bc-40e5-9299-68c0e348106c,0,2026-08-03T18:58:21.053486+00:00,creo es son efectos
d65a0e61-4f18-4c5d-9093-0447e2d47bc1,1696619c-4cc4-4924-8b3b-aaf0f14109e8,81b01edf-434a-479d-8c8f-ef9a6bc08b65,369,2025-09-27T23:46:40.349857+00:00,The Trip Wanderer Heavy Hoodie
8d627a56-b7c3-478d-8dcf-d2b4a45400e8,1696619c-4cc4-4924-8b3b-aaf0f14109e8,59232c06-e6bc-40e5-9299-68c0e348106c,0,2025-09-03T21:45:06.860851+00:00,creo es son efectos
8c41b4db-540e-46f6-bad5-d66da8281e1c,6078b6a7-c5f8-4e93-93a7-8f17adcefa37,b3870e5e-d4ed-4a02-8bca-6e033c29afbb,0,2026-04-16T02:39:01.873613+00:00,mapa 5
5460d0d9-a760-4235-a9cb-5106ad0d204a,9c63169e-5a3c-45ab-92d5-75fbcb480b4b,97ea20fd-b43e-41db-bcce-dd1584cdfc93,0,2026-08-10T05:38:17.428897+00:00,skin 3
669478cf-51ab-4b7e-8b11-b1757cbf18be,90e119a5-9723-4641-870d-b8dfa4bf7177,97ea20fd-b43e-41db-bcce-dd1584cdfc93,0,2025-08-30T02:49:07.802006+00:00,skin 3
dd3f1ab1-fb1d-4d36-a026-7fc46b2bf069,782cca85-1e07-44a9-8486-751bc8f5842a,dcd0c172-58c8-454a-bcf8-dd72204b7d18,0,2026-07-14T05:52:33.642335+00:00,skin 2
b511aa3f-7aa9-4704-a0f2-948e17d8c3f9,d51aefc6-d4ef-42b2-ba04-86ed2c819785,c00a71d2-3c1c-460b-85a8-c274d78af7cd,269,2024-12-09T15:35:42.811014+00:00,"Playera ""Trip Wanderer"""
0ed51bac-b513-452f-8b4b-9885b9d10c01,d51aefc6-d4ef-42b2-ba04-86ed2c819785,46b39b3a-962c-495b-97f0-5dd6b881a4ff,349,2025-01-08T21:09:37.885177+00:00,"Funda ""Bosque Sombrío"" "
e79634af-f27a-4963-83b9-34532f975d69,f9eb4bec-a02b-47c5-af7a-57accc7af907,5eb991bd-33fb-413b-b96b-e481b7aafacb,399.99,2026-01-14T05:40:43.955764+00:00,"Gorra Snapback ""TRIP"" "
e5c3a13c-e853-4183-8a8f-332fae48ad24,f9eb4bec-a02b-47c5-af7a-57accc7af907,f244ce56-4651-4990-8407-0472b13eb3b7,0,2026-06-08T10:50:36.951137+00:00,mapa 3
f6107a45-7263-4d97-b84a-93d5e4389276,de86f04f-21e5-4896-ad68-01eb5a4c8fcf,59232c06-e6bc-40e5-9299-68c0e348106c,0,2026-08-14T21:34:41.051981+00:00,creo es son efectos
3db8fd50-918a-46ed-994b-5b8c1f88bb18,de86f04f-21e5-4896-ad68-01eb5a4c8fcf,637f6c5f-cef1-4074-92e3-b3f297e67c1c,0,2026-08-03T19:33:29.797934+00:00,mapa 1
6f3451fc-2cd0-4e9b-aba1-478e9db31c5c,f89ba5fb-fb3f-401d-ab03-6b22550523bc,c8e4c472-da43-447e-a3db-733082db5162,150,2026-08-17T12:49:00.767075+00:00,The Trip Wanderer
9bab33bf-74da-494c-a5ef-d7cd7f8f5146,ee265cb2-898f-4bcc-ac33-356e7c736b99,97ea20fd-b43e-41db-bcce-dd1584cdfc93,0,2026-08-03T19:42:09.60813+00:00,skin 3
7733d150-e811-4af0-8cb5-666546b66c59,ee265cb2-898f-4bcc-ac33-356e7c736b99,637f6c5f-cef1-4074-92e3-b3f297e67c1c,0,2026-07-22T03:06:35.294193+00:00,mapa 1
e024587b-a623-47b0-afc2-b077967f589d,e0dc95f4-4cd4-4574-809b-1b8e5e6b8d74,6ee284fa-618b-470a-8253-5d980bf9a786,0,2025-12-16T14:21:19.859235+00:00,pin
12dbd03b-1c99-490d-8c35-fc773cd7c57e,9b158b18-1da6-4885-926d-8a435aaded3c,59232c06-e6bc-40e5-9299-68c0e348106c,0,2025-03-13T03:06:14.584701+00:00,creo es son efectos
f18de621-b618-4c2a-94ee-c249fbd17b3c,8fa02fec-75af-44bf-8909-062091cbd5ed,637f6c5f-cef1-4074-92e3-b3f297e67c1c,0,2026-08-16T01:24:28.430527+00:00,mapa 1
e95dc1b1-b6d6-4ddb-8d48-50b56715b3da,aa84ec69-e699-454e-9dfe-f878c8b81814,5eb991bd-33fb-413b-b96b-e481b7aafacb,399.99,2025-02-20T15:53:46.343986+00:00,"Gorra Snapback ""TRIP"" "
dd8a6b41-2776-40af-9fa1-dad36096ecc8,e3dadf2e-b86e-42b4-8397-a672b45915a1,dcd0c172-58c8-454a-bcf8-dd72204b7d18,0,2026-08-04T15:33:17.612023+00:00,skin 2
b518ae0a-e741-4f4b-be15-2212168fa68b,11cdce7b-0e3c-4b5e-9081-6db9bc68a70f,dcd0c172-58c8-454a-bcf8-dd72204b7d18,0,2026-06-03T14:29:43.217024+00:00,skin 2
da914133-bf7a-4713-b2d2-6e84e9c99320,80bdeb26-9775-4f26-a9b6-597a9b97d4eb,92265279-29ec-48ce-8e2a-1135ab186ed2,150,2025-05-27T11:50:52.99966+00:00,skin 1
85dc419d-8701-4ced-b522-93e65afb4ab6,80bdeb26-9775-4f26-a9b6-597a9b97d4eb,59232c06-e6bc-40e5-9299-68c0e348106c,0,2025-03-30T07:17:18.889141+00:00,creo es son efectos
81d99d9b-b473-4750-b1f5-689b544e0b5a,6d7dbf9f-5091-4a66-8ec8-6836b240ae9f,97ea20fd-b43e-41db-bcce-dd1584cdfc93,0,2025-12-02T14:54:12.116175+00:00,skin 3
e1b53f2d-6b9d-47e7-b149-9b55ca916c62,6d7dbf9f-5091-4a66-8ec8-6836b240ae9f,8e37b000-0661-4dfa-8df1-c899ad070231,60,2026-03-25T20:59:52.651724+00:00,llavero
8d26921a-49bb-4270-8531-618002e4e6e7,ba1e3d8a-2ba4-40c7-869b-ea89c0f6a3a3,5eb991bd-33fb-413b-b96b-e481b7aafacb,399.99,2026-08-10T17:25:29.302911+00:00,"Gorra Snapback ""TRIP"" "
1037b1ba-91a5-412d-8536-7d18e5dd1c40,0ee4be9c-353a-461d-b129-0844145da72d,f244ce56-4651-4990-8407-0472b13eb3b7,0,2026-05-02T19:40:26.966847+00:00,mapa 3
6a0c77e4-d5f8-4f6b-95ae-c6042ca6de8a,33d15234-8f5b-4844-a8de-3bf91c7b7831,5eb991bd-33fb-413b-b96b-e481b7aafacb,399.99,2026-08-19T20:28:03.369764+00:00,"Gorra Snapback ""TRIP"" "
995c1103-796b-472c-8f9e-dddbc4a70665,866af673-7daf-4dd7-9e7b-beb322160082,f244ce56-4651-4990-8407-0472b13eb3b7,0,2025-06-28T20:21:53.881436+00:00,mapa 3
f6923b24-cc50-4b5e-82ce-e142178fcd14,866af673-7daf-4dd7-9e7b-beb322160082,5eb991bd-33fb-413b-b96b-e481b7aafacb,399.99,2025-10-30T09:28:52.486774+00:00,"Gorra Snapback ""TRIP"" "
452497af-f273-41ab-a7ba-2343ca5d79af,2d43abbf-6110-40f3-8d1d-94d7dd14e7fe,97ea20fd-b43e-41db-bcce-dd1584cdfc93,0,2026-05-05T20:17:47.449065+00:00,skin 3
cbaaf665-2887-45a1-a723-682b89efde96,c741e33f-968f-4a1d-aa41-c2928e520d81,8e37b000-0661-4dfa-8df1-c899ad070231,60,2025-07-21T01:01:06.094938+00:00,llavero
fd1a3e41-bb3f-4046-9db2-795cd907719d,6e5a8797-ad49-40ea-9b48-1d54be4e8dc4,f2e5cee0-2174-4d13-8d29-4614ed55ec18,0,2026-05-01T06:52:59.556409+00:00,mapa 4
b1824e25-9dfa-4bf9-8dc2-c61b61384012,d004fbd2-fccf-4d9e-8650-635f8d2aeb44,92265279-29ec-48ce-8e2a-1135ab186ed2,150,2026-02-25T20:58:01.883701+00:00,skin 1
5843d2e1-ade1-442f-983e-1eef5febe175,0e135e87-e386-4a7f-9b84-e355bde3803c,b3870e5e-d4ed-4a02-8bca-6e033c29afbb,0,2026-06-25T01:37:39.25928+00:00,mapa 5
3b446115-8f41-4a96-9d1c-61e27fde43ff,e822b42f-9b6b-4900-bdbb-2b15df8e3891,8e37b000-0661-4dfa-8df1-c899ad070231,60,2026-03-17T12:37:05.913798+00:00,llavero
192d4711-d2bd-4258-b8df-5bc60933cd05,0211f792-a45b-4600-bc02-8598845ddf38,c8e4c472-da43-447e-a3db-733082db5162,150,2026-05-16T20:06:44.316508+00:00,The Trip Wanderer
4b4e819d-3cd7-47cb-ab37-94a90f76684c,8fd83dee-ed8d-4687-a373-a50650d7c8e5,637f6c5f-cef1-4074-92e3-b3f297e67c1c,0,2025-02-07T20:04:28.467268+00:00,mapa 1
fa333e1b-9555-48cd-94bb-3a57017b5707,8fd83dee-ed8d-4687-a373-a50650d7c8e5,81b01edf-434a-479d-8c8f-ef9a6bc08b65,369,2025-11-22T12:43:46.742237+00:00,The Trip Wanderer Heavy Hoodie
87553cb7-cdd2-400e-9e40-815fdfbf2cc4,e0e16143-dff3-4de0-80a0-ef6463ba5078,6ee284fa-618b-470a-8253-5d980bf9a786,0,2026-02-04T13:50:25.272829+00:00,pin
cb53571d-234a-43df-a8dd-dc629a65a47d,494e7029-4a59-42ec-ac60-9dbc344e85da,59232c06-e6bc-40e5-9299-68c0e348106c,0,2025-11-04T11:53:36.110938+00:00,creo es son efectos
903aaece-2140-4bfe-89b6-99c0059260d6,3780ee71-2fd0-405f-a782-06ddb2768342,97ea20fd-b43e-41db-bcce-dd1584cdfc93,0,2025-12-23T11:38:00.329125+00:00,skin 3
37b11587-bb88-4d6d-907a-db45c6e88d97,3780ee71-2fd0-405f-a782-06ddb2768342,6ee284fa-618b-470a-8253-5d980bf9a786,0,2026-03-07T13:38:17.546921+00:00,pin
0114050d-4bd3-43da-82ab-1f2940140dd8,02bbcda8-f8f6-47e6-af31-dc66a48436d2,c8e4c472-da43-447e-a3db-733082db5162,150,2026-08-09T08:52:27.111727+00:00,The Trip Wanderer
600bd164-7ea9-44de-961b-93dd209ee65e,02bbcda8-f8f6-47e6-af31-dc66a48436d2,5eb991bd-33fb-413b-b96b-e481b7aafacb,399.99,2026-08-08T23:20:39.73463+00:00,"Gorra Snapback ""TRIP"" "
b37c9f30-74b0-44d2-91b0-516f12d986e8,6213029d-2075-491b-8ffc-643d4706cf84,8e37b000-0661-4dfa-8df1-c899ad070231,60,2026-01-06T15:48:43.179608+00:00,llavero
248e50f9-10b7-4ccc-ae1f-4f3b91cd16e9,704ccd83-f4ef-46e2-8a55-d4ed47c453f9,b3870e5e-d4ed-4a02-8bca-6e033c29afbb,0,2026-03-06T10:27:37.98133+00:00,mapa 5
8a6b138c-f5f3-47ca-ae8c-5ba7910cde2e,b2750a6c-3d34-41df-9be0-12e08376207a,5e8726e1-12c7-46ad-b773-a3f625bfe693,199,2026-05-02T19:03:08.522456+00:00,Peluche
8af808c9-aca3-4a64-a29a-178bc33523e8,5a7cc093-0f74-4393-ab71-d58579779963,97ea20fd-b43e-41db-bcce-dd1584cdfc93,0,2025-06-19T18:28:10.642841+00:00,skin 3
feca9b29-7e9b-4c6c-8070-ad3eb75c1d9b,5a7cc093-0f74-4393-ab71-d58579779963,5e8726e1-12c7-46ad-b773-a3f625bfe693,199,2026-02-24T16:47:10.076205+00:00,Peluche
c0a6185c-ccf9-4e82-a0d9-6bc11c678292,9b3a2155-a7a8-4e46-b3b0-46bb2f660cb9,c8e4c472-da43-447e-a3db-733082db5162,150,2026-02-17T16:35:11.213219+00:00,The Trip Wanderer
630a76b5-2aaf-4876-a147-9d0d4002252c,9b3a2155-a7a8-4e46-b3b0-46bb2f660cb9,97ea20fd-b43e-41db-bcce-dd1584cdfc93,0,2026-01-22T11:45:52.486062+00:00,skin 3
96d9097b-612a-4454-99dc-3401c7d34f3d,1f787836-07bb-4c26-bbce-806b2c11da8d,5eb991bd-33fb-413b-b96b-e481b7aafacb,399.99,2026-06-12T11:49:07.486058+00:00,"Gorra Snapback ""TRIP"" "
332791a1-daee-47e2-9287-af795a287c42,9dc28a3c-6e7b-4327-a0dd-c3223a5b25ff,c8e4c472-da43-447e-a3db-733082db5162,150,2026-05-30T16:54:15.86145+00:00,The Trip Wanderer
38cd3d55-6806-4f4e-a2df-b82899cebb09,8e12b6b2-27a4-43d3-bb98-7ff377c000d5,5e8726e1-12c7-46ad-b773-a3f625bfe693,199,2026-07-12T15:33:33.105234+00:00,Peluche
6f788f4e-2713-4a99-80d0-c888564f9369,fd6f6a92-f63c-442a-b1f4-deec1a50c115,b3870e5e-d4ed-4a02-8bca-6e033c29afbb,0,2025-09-20T02:17:10.016215+00:00,mapa 5
5ced728c-54a8-4a55-b2fd-1d06d45b0278,375cdb5f-7376-4947-807d-65dc92feda3b,dcd0c172-58c8-454a-bcf8-dd72204b7d18,0,2026-04-04T15:53:25.313888+00:00,skin 2
b6c9ec68-8c11-4f62-860d-e4a6dc42614e,955b2db4-876b-4f5f-b3ee-32a17f21a93f,5eb991bd-33fb-413b-b96b-e481b7aafacb,399.99,2026-06-16T14:02:14.186238+00:00,"Gorra Snapback ""TRIP"" "
58ec9155-1368-4659-b666-1714747737ef,eecc4ba0-b525-451b-aeae-f46353de3d87,f2e5cee0-2174-4d13-8d29-4614ed55ec18,0,2026-06-16T12:34:43.305816+00:00,mapa 4
fa0386e9-ebe7-45a9-80e5-28b5fb64332b,26cae803-4242-4952-9934-c520555efdf0,b3870e5e-d4ed-4a02-8bca-6e033c29afbb,0,2025-11-21T08:50:43.822691+00:00,mapa 5
c6a2778a-19e2-442f-adb8-b4a45361920a,b7dda41d-8b86-4304-8c6c-62653d992239,81b01edf-434a-479d-8c8f-ef9a6bc08b65,369,2025-07-11T00:57:24.129589+00:00,The Trip Wanderer Heavy Hoodie
948a98ba-5601-4e97-9fc1-6525351f495f,6164549e-c74f-44dc-90d7-71165380a041,92265279-29ec-48ce-8e2a-1135ab186ed2,150,2026-08-06T09:03:09.665846+00:00,skin 1
6307fa5b-76c3-4ba2-b229-4ffa63809d69,e03ddb87-0859-466e-9686-638ad6e3d992,c00a71d2-3c1c-460b-85a8-c274d78af7cd,269,2026-02-18T16:01:15.910951+00:00,"Playera ""Trip Wanderer"""
d8b5043a-c279-49ab-97da-7d54c2bfc2c2,e03ddb87-0859-466e-9686-638ad6e3d992,92265279-29ec-48ce-8e2a-1135ab186ed2,150,2026-01-16T11:03:07.063552+00:00,skin 1
f1d08a94-f93f-4a4f-af84-f52b9a92d9be,c3f7bb6d-550f-4ae6-8bac-ef76bd851483,c8e4c472-da43-447e-a3db-733082db5162,150,2026-06-24T15:22:56.663193+00:00,The Trip Wanderer
5261fa63-9176-43a2-87af-037170a35487,f156fb88-a851-43f2-9664-f6a1cc836d72,f2e5cee0-2174-4d13-8d29-4614ed55ec18,0,2026-05-03T21:52:37.803658+00:00,mapa 4
ab664774-dba9-4a2c-bac6-747283bf13eb,0a907265-6237-493b-9d3c-41cdafd732ac,b3870e5e-d4ed-4a02-8bca-6e033c29afbb,0,2025-06-15T02:58:35.493406+00:00,mapa 5
4b8ddb46-f642-4e6a-ae78-9ee1502d9fdd,0a907265-6237-493b-9d3c-41cdafd732ac,6ee284fa-618b-470a-8253-5d980bf9a786,0,2025-03-22T08:54:35.696647+00:00,pin
28ccdce0-17d3-4dca-a95e-aee27409b5f0,7d49df9d-596f-4074-a8de-47ca02570c2e,f244ce56-4651-4990-8407-0472b13eb3b7,0,2025-09-14T15:09:47.323245+00:00,mapa 3
0eea49f0-b957-4037-bc55-6bea0d5968e7,7d49df9d-596f-4074-a8de-47ca02570c2e,97ea20fd-b43e-41db-bcce-dd1584cdfc93,0,2026-03-05T12:59:56.832355+00:00,skin 3
d6159b64-48ce-4e6c-8d88-09eb5218c21e,7d49df9d-596f-4074-a8de-47ca02570c2e,5eb991bd-33fb-413b-b96b-e481b7aafacb,399.99,2025-08-23T21:17:41.784985+00:00,"Gorra Snapback ""TRIP"" "
eb78c2e3-0b55-43c4-aa79-03f10ccf3723,7d49df9d-596f-4074-a8de-47ca02570c2e,59232c06-e6bc-40e5-9299-68c0e348106c,0,2026-01-16T10:46:24.773232+00:00,creo es son efectos
282719d7-c23d-464e-ba9c-259aa6283f2b,23339e46-3481-4508-ae01-90810b753b7c,92265279-29ec-48ce-8e2a-1135ab186ed2,150,2025-12-02T13:48:54.107022+00:00,skin 1
219bc353-bbfd-4f48-9467-3f09112c81d3,23339e46-3481-4508-ae01-90810b753b7c,6ee284fa-618b-470a-8253-5d980bf9a786,0,2026-05-12T09:08:03.691103+00:00,pin
097aee70-655e-4b29-86ef-50417a263698,bd4f1c8e-763e-4a68-aa2d-df5eed43a19e,5e8726e1-12c7-46ad-b773-a3f625bfe693,199,2025-10-28T17:04:28.643166+00:00,Peluche
4abb6e21-a5db-4a66-a764-7b9947c67dbb,281b7b8d-bdac-47a5-9e6a-a388c2e0242b,dcd0c172-58c8-454a-bcf8-dd72204b7d18,0,2025-03-09T20:28:53.527492+00:00,skin 2
a34fbc0e-5e1e-48e0-af42-6532a3399d11,281b7b8d-bdac-47a5-9e6a-a388c2e0242b,92265279-29ec-48ce-8e2a-1135ab186ed2,150,2024-12-30T21:43:02.224497+00:00,skin 1
6cb7667f-a9b1-47b3-8560-b107021b005f,281b7b8d-bdac-47a5-9e6a-a388c2e0242b,8e37b000-0661-4dfa-8df1-c899ad070231,60,2024-06-21T21:14:04.591848+00:00,llavero
c994cea2-0a72-42d4-8fa6-d29c52b3c459,281b7b8d-bdac-47a5-9e6a-a388c2e0242b,46b39b3a-962c-495b-97f0-5dd6b881a4ff,349,2024-06-18T04:32:36.896711+00:00,"Funda ""Bosque Sombrío"" "
56f428c9-8d8b-4ac6-a468-13d8223bd94a,09faae81-c3f4-43c8-8be9-05f35d812d50,81b01edf-434a-479d-8c8f-ef9a6bc08b65,369,2025-11-03T20:23:54.016293+00:00,The Trip Wanderer Heavy Hoodie
53ec4cd8-9e9f-413b-9449-7c174b80dc62,09faae81-c3f4-43c8-8be9-05f35d812d50,59232c06-e6bc-40e5-9299-68c0e348106c,0,2026-03-03T11:19:08.822249+00:00,creo es son efectos
41b28f00-21d6-4ef9-b59b-2adf899097f1,ed0e0391-f82c-45b4-b51d-12fd37f4509f,dcd0c172-58c8-454a-bcf8-dd72204b7d18,0,2026-07-08T08:52:24.138527+00:00,skin 2
9c2eb906-4b1c-4f4f-9c08-674310ba4be4,8c68a716-7a8c-4dd5-975d-ab187323e9da,5e8726e1-12c7-46ad-b773-a3f625bfe693,199,2026-07-29T07:41:38.54014+00:00,Peluche
04d178a7-5a62-4956-b6dd-70cecef38cd8,d0a66834-6a53-4d24-9195-6170aa8293c5,97ea20fd-b43e-41db-bcce-dd1584cdfc93,0,2026-05-17T08:12:40.34709+00:00,skin 3
b4ce6cae-7025-4a50-9207-ff56f96464f8,e99d01f8-7ef4-4fd5-8069-c4efc43ac11c,637f6c5f-cef1-4074-92e3-b3f297e67c1c,0,2025-07-02T22:55:21.646719+00:00,mapa 1
32d11348-ba51-42ca-bb4d-8747fa24473c,9449effa-ee6d-49af-a8f2-29e98b0901a3,f244ce56-4651-4990-8407-0472b13eb3b7,0,2025-06-14T01:43:22.018441+00:00,mapa 3
10a56c70-1e0b-416b-b49e-5252e2a4c0cb,7fc7b594-7709-4684-a23f-60b57d2a4f25,637f6c5f-cef1-4074-92e3-b3f297e67c1c,0,2026-01-18T11:55:18.343234+00:00,mapa 1
a9b45ceb-9a65-4d50-a491-b3fe940ee80e,7fc7b594-7709-4684-a23f-60b57d2a4f25,97ea20fd-b43e-41db-bcce-dd1584cdfc93,0,2026-06-02T19:58:38.83336+00:00,skin 3
8f3ce7dd-b9de-493b-aa47-dc5513cf5558,a0966382-687c-43f0-a3cb-7b57fbd685a5,8e37b000-0661-4dfa-8df1-c899ad070231,60,2025-11-29T03:22:14.701085+00:00,llavero
ce68b1b5-212d-4929-8fa2-ebdfb487a571,6417d710-3073-4c1c-87d3-617c90a085fe,f244ce56-4651-4990-8407-0472b13eb3b7,0,2026-02-28T13:44:55.445565+00:00,mapa 3
43485f25-1277-4ffe-b100-2a8802bfb83f,919065e9-5564-4c7e-a909-b66a8f05c304,c8e4c472-da43-447e-a3db-733082db5162,150,2026-05-24T09:15:38.833018+00:00,The Trip Wanderer
538b0048-d849-4fb9-9a8b-8a00374e1106,919065e9-5564-4c7e-a909-b66a8f05c304,dcd0c172-58c8-454a-bcf8-dd72204b7d18,0,2026-03-22T15:44:48.325335+00:00,skin 2
f9912701-1b23-4e36-9b6a-f29bda4e5046,919065e9-5564-4c7e-a909-b66a8f05c304,5eb991bd-33fb-413b-b96b-e481b7aafacb,399.99,2026-07-14T05:33:50.295289+00:00,"Gorra Snapback ""TRIP"" "
7d829186-33e1-4c15-9a67-a4e2206e2598,919065e9-5564-4c7e-a909-b66a8f05c304,4366ee86-7f31-48e6-8282-879de385e7a1,0,2025-12-31T04:53:49.567369+00:00,mapa 2
bc9248ce-4577-4540-aa01-40c6c063b357,a8339bbc-17fa-4b31-8a1e-5dcdc7bf9257,637f6c5f-cef1-4074-92e3-b3f297e67c1c,0,2025-08-17T06:11:57.23731+00:00,mapa 1
d8f8485d-9190-40a4-9a95-0083654b6060,144f8863-9df5-4ff4-9eff-71b877c21f04,c00a71d2-3c1c-460b-85a8-c274d78af7cd,269,2026-01-20T21:15:53.677493+00:00,"Playera ""Trip Wanderer"""
b042ffd8-4488-4d2b-ad45-35bb80355a20,dd0da6a2-2ce7-41e1-8ff4-5e8a97a955bb,637f6c5f-cef1-4074-92e3-b3f297e67c1c,0,2026-06-20T22:19:24.008227+00:00,mapa 1
d2766f9e-2ab4-44dc-b7bc-04c306271e0e,dd0da6a2-2ce7-41e1-8ff4-5e8a97a955bb,5e8726e1-12c7-46ad-b773-a3f625bfe693,199,2026-02-18T06:46:35.11418+00:00,Peluche
8242ebf0-79d5-4ff6-b848-bad4f63a3a36,ae108915-c1dd-4b42-960d-772140933388,637f6c5f-cef1-4074-92e3-b3f297e67c1c,0,2026-05-03T20:00:17.489881+00:00,mapa 1
e8561642-fef2-48de-9317-0baf81df58ba,341f690d-453a-42b8-a3a0-4b435a2e7dbb,b3870e5e-d4ed-4a02-8bca-6e033c29afbb,0,2025-08-30T10:20:49.139333+00:00,mapa 5
9f48b5ee-ef59-4074-b192-f52fcd372281,41781138-1c6c-4323-a05a-d8f302b7be92,92265279-29ec-48ce-8e2a-1135ab186ed2,150,2025-09-03T01:45:45.498942+00:00,skin 1
499fba0d-a0e2-4a11-9838-5befe8593f5c,eb463b68-0848-4837-9896-2965364bfe7c,8e37b000-0661-4dfa-8df1-c899ad070231,60,2026-07-13T10:24:51.523058+00:00,llavero
cb438e96-05bb-4425-a199-27728289159d,558493ac-4503-4a5a-ac34-52d640851c11,f2e5cee0-2174-4d13-8d29-4614ed55ec18,0,2026-03-18T05:21:38.055036+00:00,mapa 4
7eedf57e-d1ad-4aca-8496-0a4eb8f07903,8b9070b5-0cc2-451c-8cd0-54232a7c956e,81b01edf-434a-479d-8c8f-ef9a6bc08b65,369,2026-06-25T06:48:04.310709+00:00,The Trip Wanderer Heavy Hoodie
bced4ec5-3940-4f03-a71a-ab4272a58f73,8b9070b5-0cc2-451c-8cd0-54232a7c956e,c8e4c472-da43-447e-a3db-733082db5162,150,2026-07-01T16:46:42.175966+00:00,The Trip Wanderer
42411812-8a4b-46d3-bc54-55533a1ab4ba,a51940f0-ac6b-46a4-9d3b-312372fe521a,c8e4c472-da43-447e-a3db-733082db5162,150,2026-03-17T08:27:26.583171+00:00,The Trip Wanderer
3aae2939-a851-454a-a13e-2b8c78db4179,a51940f0-ac6b-46a4-9d3b-312372fe521a,92265279-29ec-48ce-8e2a-1135ab186ed2,150,2026-04-02T20:52:59.965027+00:00,skin 1
b8bcf8b2-6dd7-4960-ae85-66ee29f20016,9b9dcbac-0301-4ccb-b122-4be682eaedf7,8e37b000-0661-4dfa-8df1-c899ad070231,60,2026-06-30T03:55:45.183258+00:00,llavero
073dc1f6-5a37-4847-9779-11d825d0b8a9,aa2d2117-8af1-4380-bae3-dc1e1e9ebd8f,97ea20fd-b43e-41db-bcce-dd1584cdfc93,0,2025-03-10T12:28:19.839883+00:00,skin 3
e982ca4f-f592-4c32-98dc-4dd29f8c7030,077b64a9-a04f-4ca9-8554-d060f28dde12,637f6c5f-cef1-4074-92e3-b3f297e67c1c,0,2026-02-27T01:22:56.800424+00:00,mapa 1
3124c363-cfaa-456d-a6d6-b9f7c6743863,077b64a9-a04f-4ca9-8554-d060f28dde12,5eb991bd-33fb-413b-b96b-e481b7aafacb,399.99,2026-03-12T11:50:34.693569+00:00,"Gorra Snapback ""TRIP"" "
2d450aed-3dab-42fa-a496-3c8e6d1edcb8,831ddbcc-e798-4f3c-b303-6c1deb098b31,92265279-29ec-48ce-8e2a-1135ab186ed2,150,2026-06-01T12:32:28.02009+00:00,skin 1
fced9e3d-2cdd-4bab-a99d-10b1c1ff138a,d858e934-9343-46a5-bb52-3ff40531e3dd,6ee284fa-618b-470a-8253-5d980bf9a786,0,2025-12-23T16:54:27.713363+00:00,pin
fdd0ca79-a3f0-476f-bf1b-2a879353243e,d858e934-9343-46a5-bb52-3ff40531e3dd,c00a71d2-3c1c-460b-85a8-c274d78af7cd,269,2025-12-04T19:56:54.653488+00:00,"Playera ""Trip Wanderer"""
490a9b45-8c5c-433b-824f-d35a1dea69ec,26b09a41-ce4a-4d96-bba4-0d957da544a7,6ee284fa-618b-470a-8253-5d980bf9a786,0,2025-10-23T05:21:26.294167+00:00,pin
6d276c5c-2cf7-43af-b9fd-9c151491e739,3f3af3f8-6a17-4525-bde9-3f66fc6d5cb5,4366ee86-7f31-48e6-8282-879de385e7a1,0,2025-06-01T18:41:46.140395+00:00,mapa 2
7047ec87-f206-4790-83cb-2e5fda200e13,5f87cb64-a170-48dc-9faf-71fa5bbd6474,6ee284fa-618b-470a-8253-5d980bf9a786,0,2026-08-11T13:37:00.323454+00:00,pin
1e257574-90e3-4cfc-ae2a-a3f34645b4f6,f42bf387-cfcf-4d4c-b098-c8eddeffa341,5eb991bd-33fb-413b-b96b-e481b7aafacb,399.99,2026-05-02T22:43:08.01903+00:00,"Gorra Snapback ""TRIP"" "
5b1f87d7-f810-49af-8aad-895cad941673,77ccb3c6-c53b-40cd-bb81-5c131de24286,4366ee86-7f31-48e6-8282-879de385e7a1,0,2024-04-18T17:31:43.156845+00:00,mapa 2
2303d703-6771-4c3e-87a7-1bdaa00ef348,77ccb3c6-c53b-40cd-bb81-5c131de24286,c8e4c472-da43-447e-a3db-733082db5162,150,2024-11-16T06:46:10.205717+00:00,The Trip Wanderer
f8f2571e-95df-4a7a-bea2-0584815e9cad,2e1ba5d1-bac7-4092-a27f-a872350ccb07,59232c06-e6bc-40e5-9299-68c0e348106c,0,2026-07-22T06:33:16.635144+00:00,creo es son efectos
663de495-2cc7-4a34-aa44-c9f53457a116,4a25d841-f5ab-4878-90d5-fa426f55f2f5,c00a71d2-3c1c-460b-85a8-c274d78af7cd,269,2026-06-12T19:27:30.340759+00:00,"Playera ""Trip Wanderer"""
e5b15d2d-de4b-46c6-9e82-33674e54d685,ecbd2c1d-e332-40a2-b18c-252cc4bbb115,637f6c5f-cef1-4074-92e3-b3f297e67c1c,0,2026-06-28T13:51:50.067663+00:00,mapa 1
488ac2d6-1c88-4613-9f51-4c4b1c430e85,ecbd2c1d-e332-40a2-b18c-252cc4bbb115,92265279-29ec-48ce-8e2a-1135ab186ed2,150,2026-07-14T18:16:17.786647+00:00,skin 1
8d9c5048-9940-410f-b5c3-be1bdd9750e0,0d0bfdf0-0b9b-4a1b-a9ae-28173462d01d,b3870e5e-d4ed-4a02-8bca-6e033c29afbb,0,2026-06-12T10:23:42.152155+00:00,mapa 5
749a9223-82ad-49da-b767-3bd291510f34,26d0c589-63ec-4b8d-b9f8-52ee53793a47,59232c06-e6bc-40e5-9299-68c0e348106c,0,2026-08-18T15:23:58.982126+00:00,creo es son efectos
eca12570-7940-4c7b-8779-1e22abe6014b,26d0c589-63ec-4b8d-b9f8-52ee53793a47,637f6c5f-cef1-4074-92e3-b3f297e67c1c,0,2026-06-18T09:09:54.942396+00:00,mapa 1
661a5946-4dc3-40d5-88c9-f0edbed14aa2,890b7fcb-7483-4804-ac0c-4adcf3228634,6ee284fa-618b-470a-8253-5d980bf9a786,0,2025-11-18T06:45:49.619181+00:00,pin
9c3fd4e7-1589-42d0-879e-aa5cee95222d,890b7fcb-7483-4804-ac0c-4adcf3228634,dcd0c172-58c8-454a-bcf8-dd72204b7d18,0,2026-01-11T18:30:27.60878+00:00,skin 2
d84e70bf-6500-4237-8c81-ed8562d29294,88999f21-b84b-400a-b642-141ce71854af,5e8726e1-12c7-46ad-b773-a3f625bfe693,199,2025-04-05T19:01:12.816671+00:00,Peluche
da4ef4e5-d012-476c-b182-cf83b7e79da0,bfed22ab-e5e6-4344-8a91-65cd22e06beb,f2e5cee0-2174-4d13-8d29-4614ed55ec18,0,2026-02-20T02:10:20.926124+00:00,mapa 4
f22e7bbd-24b3-434b-b033-00e43fded194,af690d34-6f1e-4414-a480-d4244e0ad65b,4366ee86-7f31-48e6-8282-879de385e7a1,0,2026-01-08T01:20:24.470771+00:00,mapa 2
36401387-734b-4a0f-b686-20558ec20ed0,b1bdb5f3-4990-44d4-90f8-35c608d3d66f,4366ee86-7f31-48e6-8282-879de385e7a1,0,2025-04-17T16:22:37.864177+00:00,mapa 2
52db5fa9-dae1-48ac-a8ab-20d82a03c2a4,cab32b91-b75f-41fa-a725-355b48d9cb6e,92265279-29ec-48ce-8e2a-1135ab186ed2,150,2026-03-29T23:09:18.439954+00:00,skin 1
8d0e0840-05a3-49f7-9a14-7a8335ef3327,cab32b91-b75f-41fa-a725-355b48d9cb6e,dcd0c172-58c8-454a-bcf8-dd72204b7d18,0,2026-06-27T19:15:03.878742+00:00,skin 2
8454481d-151c-4938-aafd-6c7ae4613de0,c7efd88b-266c-4f86-8896-88d500c86f8a,c00a71d2-3c1c-460b-85a8-c274d78af7cd,269,2026-03-30T21:59:24.442448+00:00,"Playera ""Trip Wanderer"""
57bb0d4e-6cfc-4bf6-9bbb-188fbba648c9,ded891ad-418a-4e2a-aedb-ac6bb8402b95,4366ee86-7f31-48e6-8282-879de385e7a1,0,2026-01-29T06:00:23.585829+00:00,mapa 2
d0eb2591-a6d1-4692-9352-57c52a86c464,ded891ad-418a-4e2a-aedb-ac6bb8402b95,c00a71d2-3c1c-460b-85a8-c274d78af7cd,269,2026-02-01T17:42:01.815639+00:00,"Playera ""Trip Wanderer"""
7049f50e-ba46-427d-bf9f-a5697122f2d5,5d5ac375-37a4-4dc7-b385-bad670fa2e2b,6ee284fa-618b-470a-8253-5d980bf9a786,0,2026-06-16T14:03:35.557468+00:00,pin
cf0268aa-bc5b-47e4-90f6-b3f1ea6e59ab,5d5ac375-37a4-4dc7-b385-bad670fa2e2b,f2e5cee0-2174-4d13-8d29-4614ed55ec18,0,2026-03-31T22:26:24.126802+00:00,mapa 4
13e88ac2-b3a9-4c39-9470-ccf33d390f3a,9c110843-ca42-4ab3-9fb5-8bd0e3c3d091,8e37b000-0661-4dfa-8df1-c899ad070231,60,2026-04-11T21:19:32.136246+00:00,llavero
2e8381ee-9e6b-4844-b0bb-6ba9a12eb60b,b9b30f37-9b21-4382-ad6d-d987a7bb3dca,5e8726e1-12c7-46ad-b773-a3f625bfe693,199,2026-08-11T21:48:46.471146+00:00,Peluche
0db5a06d-5c29-4b74-aa3b-ebd7dd63faf5,35692dda-1ce3-44a5-9abd-f39e245b777e,46b39b3a-962c-495b-97f0-5dd6b881a4ff,349,2025-04-30T19:06:14.661175+00:00,"Funda ""Bosque Sombrío"" "
2b0235d9-851f-4f21-aa46-a696049d7cad,d5ad8948-4def-4379-9576-b9e477db3f3f,dcd0c172-58c8-454a-bcf8-dd72204b7d18,0,2026-07-17T11:13:10.091099+00:00,skin 2
714ca2d1-dcb9-4766-9991-f388ee003dfc,d5ad8948-4def-4379-9576-b9e477db3f3f,92265279-29ec-48ce-8e2a-1135ab186ed2,150,2026-07-17T02:23:49.18023+00:00,skin 1
855290b8-d056-411d-b29c-5e8c6473f3da,3155a5d7-ff9f-4b2f-8fb2-20ed9a958681,c00a71d2-3c1c-460b-85a8-c274d78af7cd,269,2026-06-11T20:10:41.390507+00:00,"Playera ""Trip Wanderer"""
d190e7ad-2353-4c2b-89f0-76106702ed47,10eb7576-61f0-41e6-8f37-912c305b7fc2,8e37b000-0661-4dfa-8df1-c899ad070231,60,2026-04-28T17:45:40.017872+00:00,llavero
ca0ddb89-ee89-4780-8e5d-f9f1b75c2360,f0898ffa-fccc-499d-9524-541dcfa645c1,f2e5cee0-2174-4d13-8d29-4614ed55ec18,0,2024-11-26T07:54:32.707952+00:00,mapa 4
7d2514bb-9960-43e0-9289-9202cfd1a14b,50bd6310-251b-45ab-8fdc-865c7edb4434,92265279-29ec-48ce-8e2a-1135ab186ed2,150,2025-05-05T21:22:30.19312+00:00,skin 1
84c8dbf1-18fa-4c30-9f6b-44de38cdd62b,50bd6310-251b-45ab-8fdc-865c7edb4434,5e8726e1-12c7-46ad-b773-a3f625bfe693,199,2025-06-16T17:25:00.87335+00:00,Peluche
45d45a31-bc11-4b4e-bec0-d8f7be835a18,aca42f00-83ca-4d9b-b6b4-2fe0200e1fa3,5e8726e1-12c7-46ad-b773-a3f625bfe693,199,2025-04-24T02:17:51.114972+00:00,Peluche
78883954-4f9e-45ac-bdd2-7e678d32c6f8,587751cb-fd79-4cdd-b700-0b6c5b7106c4,f2e5cee0-2174-4d13-8d29-4614ed55ec18,0,2025-10-10T04:48:12.757041+00:00,mapa 4
49794d3f-70b5-410d-8f09-4df128b80a23,2b471059-c453-4544-a7ac-6fd2d03e8b1a,97ea20fd-b43e-41db-bcce-dd1584cdfc93,0,2026-05-03T18:13:14.329326+00:00,skin 3
dd4840f8-9bdc-47ec-98e2-25f0eb913f98,4757922f-4a3e-4eeb-bcc8-71926d62d289,8e37b000-0661-4dfa-8df1-c899ad070231,60,2026-04-02T16:28:52.154647+00:00,llavero
906eb6b9-19e9-404d-ba88-62611a7fe9e2,c2688f23-e088-4694-b38a-580c7ad68f86,5eb991bd-33fb-413b-b96b-e481b7aafacb,399.99,2026-01-18T09:41:53.712835+00:00,"Gorra Snapback ""TRIP"" "
04b4cd00-3bf8-4799-8268-bce9d728b6ea,c2688f23-e088-4694-b38a-580c7ad68f86,b3870e5e-d4ed-4a02-8bca-6e033c29afbb,0,2025-08-30T02:05:14.789151+00:00,mapa 5
cfb88ffc-bbb3-486d-afa1-506d22a65b0c,284d08a9-2719-443b-be29-e601b51a736d,8e37b000-0661-4dfa-8df1-c899ad070231,60,2025-06-30T02:40:20.731817+00:00,llavero
98d8478c-9b4a-4aec-933c-2105cad63374,284d08a9-2719-443b-be29-e601b51a736d,c00a71d2-3c1c-460b-85a8-c274d78af7cd,269,2026-01-31T11:19:47.652538+00:00,"Playera ""Trip Wanderer"""
db9c235b-ea4a-4864-b8e6-9c6e8e7f0ee0,76368dec-34be-41bc-967e-756b187540cb,637f6c5f-cef1-4074-92e3-b3f297e67c1c,0,2025-02-20T23:09:45.308517+00:00,mapa 1
b62723b6-399b-4714-8f63-47d0500d69dc,8207b227-1e22-4e8e-8165-efc432371fe3,c00a71d2-3c1c-460b-85a8-c274d78af7cd,269,2026-08-14T00:59:41.044176+00:00,"Playera ""Trip Wanderer"""
72e61199-db53-456f-b0cc-2e7687f0de11,f55c2b81-6f2f-467f-9457-f9172a932614,46b39b3a-962c-495b-97f0-5dd6b881a4ff,349,2025-02-27T00:16:57.823555+00:00,"Funda ""Bosque Sombrío"" "
5ecb2a38-df55-4fd4-9870-9590fb8dd40c,f55c2b81-6f2f-467f-9457-f9172a932614,f2e5cee0-2174-4d13-8d29-4614ed55ec18,0,2025-01-22T22:12:50.33353+00:00,mapa 4
b41dbbb9-f1b9-4dbd-aada-02c42923a2bc,1e228207-b888-45f9-bda5-8c985841ee3c,4366ee86-7f31-48e6-8282-879de385e7a1,0,2026-08-17T23:20:50.91917+00:00,mapa 2
69baefce-425a-485c-909b-170bdb123d9a,82ca89b5-93f3-4c21-a1ad-1ef028306421,5eb991bd-33fb-413b-b96b-e481b7aafacb,399.99,2025-10-24T04:53:04.536727+00:00,"Gorra Snapback ""TRIP"" "
422043f7-db68-485d-b3dd-bd6bb4d4f4bb,82ca89b5-93f3-4c21-a1ad-1ef028306421,59232c06-e6bc-40e5-9299-68c0e348106c,0,2025-12-28T14:42:13.968657+00:00,creo es son efectos
d0bd7c68-9828-4e45-89c9-7364e012fa3f,2e1bbdf3-4176-412e-9779-96713bed053c,97ea20fd-b43e-41db-bcce-dd1584cdfc93,0,2026-01-09T20:07:19.455982+00:00,skin 3
6513a955-4157-49c1-897b-70bd39922c80,b0a749a6-7305-44de-a714-d6c1dccd96e4,f244ce56-4651-4990-8407-0472b13eb3b7,0,2026-07-16T05:25:46.184928+00:00,mapa 3
97a5bdc5-4ce9-44fb-b5a1-aafe105cdea2,b0a749a6-7305-44de-a714-d6c1dccd96e4,4366ee86-7f31-48e6-8282-879de385e7a1,0,2026-07-08T22:28:42.847091+00:00,mapa 2
945b8ba0-2b1b-47ee-ac0d-f30d4ee0081f,6e2b3970-a9cc-4a1a-97a0-153cd0904e08,637f6c5f-cef1-4074-92e3-b3f297e67c1c,0,2025-05-12T22:38:06.711351+00:00,mapa 1
8c154526-3c4b-4e16-8228-779af4e6dec4,606f20fb-fe7d-4b03-a59b-ac439d51ef0d,81b01edf-434a-479d-8c8f-ef9a6bc08b65,369,2026-06-29T19:30:56.438648+00:00,The Trip Wanderer Heavy Hoodie
cc9719ab-6f3c-4767-8d0c-887f08022026,7520cfe7-d97e-40fc-ac3c-426db60340bd,97ea20fd-b43e-41db-bcce-dd1584cdfc93,0,2026-04-01T23:42:25.105673+00:00,skin 3
4ecb26f4-0297-4d4f-9993-803e559f98ca,9500ea9f-0d0c-4ac4-a0b7-aee8e5e46493,4366ee86-7f31-48e6-8282-879de385e7a1,0,2026-08-09T06:48:44.30111+00:00,mapa 2
ba03d643-b9db-4bf4-8235-867d4d4194f0,2d58f8ac-e0b2-493f-9d01-499e2f921496,5e8726e1-12c7-46ad-b773-a3f625bfe693,199,2026-02-14T09:09:06.372794+00:00,Peluche
4c6e72a2-3aed-431c-8d78-0d556061d3f4,ed949ccc-9acc-41b9-8807-2cdd43de1643,8e37b000-0661-4dfa-8df1-c899ad070231,60,2024-11-11T08:45:56.351332+00:00,llavero
b16a9ccf-8702-4aed-bace-c463e2e2c493,2d485045-3e89-44a6-a6fc-b2bbe45dd7d5,8e37b000-0661-4dfa-8df1-c899ad070231,60,2026-03-03T16:49:04.771633+00:00,llavero
6f86c9b4-c909-429a-ad29-b3e5fe8a1873,971d0695-4dd8-4aa5-ba83-4d13213e56aa,c00a71d2-3c1c-460b-85a8-c274d78af7cd,269,2026-06-14T22:44:14.985621+00:00,"Playera ""Trip Wanderer"""
0a42a9c2-9b26-4302-9e28-d653724e10ea,fb9ba76d-5204-4666-9a4e-42f78d5a60dc,6ee284fa-618b-470a-8253-5d980bf9a786,0,2026-07-19T17:53:20.227802+00:00,pin
71ef6782-e15c-45f3-aaa4-04065395c56a,fb9ba76d-5204-4666-9a4e-42f78d5a60dc,97ea20fd-b43e-41db-bcce-dd1584cdfc93,0,2026-05-27T06:53:46.417642+00:00,skin 3
595aa83e-faf3-4406-85e6-c19852b2d4ea,1031d57c-c2c6-42ec-bd49-6095571f7619,c00a71d2-3c1c-460b-85a8-c274d78af7cd,269,2026-01-27T09:09:46.167813+00:00,"Playera ""Trip Wanderer"""
22943fb5-6024-4f37-a619-7d22e8f87719,63b26f92-ca62-488c-8b85-7908e79c537a,c00a71d2-3c1c-460b-85a8-c274d78af7cd,269,2025-12-29T02:11:57.289463+00:00,"Playera ""Trip Wanderer"""
0423e4c7-8e41-4767-8786-6dd633cb1084,63b26f92-ca62-488c-8b85-7908e79c537a,6ee284fa-618b-470a-8253-5d980bf9a786,0,2026-01-28T20:12:55.078503+00:00,pin
dff00925-cc9a-452b-94d1-3d0e209490f0,38dc94ae-baf8-4636-9334-b9abbd5a9f2b,92265279-29ec-48ce-8e2a-1135ab186ed2,150,2025-10-10T05:57:00.434543+00:00,skin 1
3b918354-72b7-4f8a-b1a5-ec2324d65063,be19fb8e-712b-4b82-8a68-87823147f0c4,5eb991bd-33fb-413b-b96b-e481b7aafacb,399.99,2026-04-26T11:35:29.750386+00:00,"Gorra Snapback ""TRIP"" "
a4e0c263-a123-4686-b2c1-842224a5ea82,85a03db3-7683-4d37-a692-cccae0580a05,97ea20fd-b43e-41db-bcce-dd1584cdfc93,0,2026-05-03T02:52:58.226895+00:00,skin 3
1b8eed77-c7f3-4051-b79f-0c8947326a27,85a03db3-7683-4d37-a692-cccae0580a05,f2e5cee0-2174-4d13-8d29-4614ed55ec18,0,2025-09-12T07:11:30.805054+00:00,mapa 4
3cd090a5-9424-4e40-99c7-86fbd9d477fb,c92c1db6-47bb-4ccf-804b-ce387130124f,46b39b3a-962c-495b-97f0-5dd6b881a4ff,349,2026-07-05T07:44:29.629+00:00,"Funda ""Bosque Sombrío"" "
3c3fe695-938d-4b2b-8a3e-cd21a88c24db,ff063c1b-34b8-4479-a6df-4ab5733dd728,6ee284fa-618b-470a-8253-5d980bf9a786,0,2026-01-23T17:02:17.548391+00:00,pin
aecb9215-ca8e-47b0-94a3-c61065a2905f,f420957a-6502-47fa-b813-64e2643caf9e,59232c06-e6bc-40e5-9299-68c0e348106c,0,2026-08-19T02:12:27.292013+00:00,creo es son efectos
ecc3627a-fbe4-4a81-9c2e-4b5b2587ff19,2f9ab690-a290-41fd-b5dd-321c953c0d3f,c00a71d2-3c1c-460b-85a8-c274d78af7cd,269,2026-08-14T18:03:36.787672+00:00,"Playera ""Trip Wanderer"""
5a4e3382-3fc5-42a0-ba9a-a41d540cd3cc,2f9ab690-a290-41fd-b5dd-321c953c0d3f,c8e4c472-da43-447e-a3db-733082db5162,150,2026-07-10T02:40:53.799641+00:00,The Trip Wanderer
d1307653-4c49-456f-94f7-694633d242d7,3ae1da8c-a81e-4521-be6d-311ac6f422a4,f244ce56-4651-4990-8407-0472b13eb3b7,0,2026-07-19T06:30:17.261543+00:00,mapa 3
4d50a912-6c68-44e5-956f-a9cbc9ae6da9,3ae1da8c-a81e-4521-be6d-311ac6f422a4,92265279-29ec-48ce-8e2a-1135ab186ed2,150,2026-07-14T11:13:20.656486+00:00,skin 1
a60ae407-a4af-4e08-9bb6-871565502a51,686eabc4-feb3-4289-9b13-e39d4e5ca010,4366ee86-7f31-48e6-8282-879de385e7a1,0,2026-07-06T02:52:35.108529+00:00,mapa 2
e9dcf9e0-4993-4e4d-9a50-04a3147c9736,686eabc4-feb3-4289-9b13-e39d4e5ca010,92265279-29ec-48ce-8e2a-1135ab186ed2,150,2026-06-18T12:55:30.748269+00:00,skin 1
47b2d8c4-9357-4af4-a27b-834531bf76d0,57685850-afe9-4aa7-b49c-2245f25eb3ea,8e37b000-0661-4dfa-8df1-c899ad070231,60,2024-08-08T11:29:54.542457+00:00,llavero
8a3eb2ca-1b89-418f-b8e9-37931ea17c64,643865a1-d338-4c76-8f96-6198f6477099,b3870e5e-d4ed-4a02-8bca-6e033c29afbb,0,2026-07-15T08:26:04.731685+00:00,mapa 5
4a2219b6-aa41-4fb8-8243-4d25b884d824,643865a1-d338-4c76-8f96-6198f6477099,637f6c5f-cef1-4074-92e3-b3f297e67c1c,0,2025-12-20T17:58:40.965196+00:00,mapa 1
8aa156b1-0276-46c8-a91a-5e01f6769731,057c5693-972a-473d-b8ef-d2d42ffac016,5eb991bd-33fb-413b-b96b-e481b7aafacb,399.99,2026-06-01T09:49:36.468174+00:00,"Gorra Snapback ""TRIP"" "
01a2971f-a188-4cae-8832-91038497c8ad,5438eb04-92d7-4d44-8310-ad80d3c08d9b,92265279-29ec-48ce-8e2a-1135ab186ed2,150,2025-08-27T20:39:08.559164+00:00,skin 1
a5d8d5d8-660b-4bdb-b990-a31868370a4a,5438eb04-92d7-4d44-8310-ad80d3c08d9b,5eb991bd-33fb-413b-b96b-e481b7aafacb,399.99,2025-10-19T12:30:03.888061+00:00,"Gorra Snapback ""TRIP"" "
4b176b73-f329-4654-8f60-9ec1f67a450d,c617e36b-3f1c-4f24-9901-5dd6d0cd5a4a,5eb991bd-33fb-413b-b96b-e481b7aafacb,399.99,2026-03-01T00:48:39.867969+00:00,"Gorra Snapback ""TRIP"" "
45412e0e-6fd3-44d2-821e-a9f48e1fb266,c617e36b-3f1c-4f24-9901-5dd6d0cd5a4a,5eb991bd-33fb-413b-b96b-e481b7aafacb,399.99,2026-01-18T08:26:34.274137+00:00,"Gorra Snapback ""TRIP"" "
d4f03339-7323-4634-9223-f2da68edfc4f,dc6bf179-5797-451a-9496-23effd431a56,97ea20fd-b43e-41db-bcce-dd1584cdfc93,0,2026-04-23T03:02:23.27044+00:00,skin 3
35cfaa2c-151d-4318-b7a8-e03f17457284,f9d4bb1a-8620-423c-b514-721614c9d63a,59232c06-e6bc-40e5-9299-68c0e348106c,0,2025-04-18T16:21:36.070927+00:00,creo es son efectos
d634816b-0d55-4cee-892f-8a31bb6a775b,f9d4bb1a-8620-423c-b514-721614c9d63a,46b39b3a-962c-495b-97f0-5dd6b881a4ff,349,2025-02-22T13:47:32.563958+00:00,"Funda ""Bosque Sombrío"" "
b244ec69-49e5-4111-ae0f-b1b501144c7d,ab960bf4-75fd-44ca-8184-94b115b3e23a,b3870e5e-d4ed-4a02-8bca-6e033c29afbb,0,2025-08-28T19:32:22.377607+00:00,mapa 5
e0c46728-efc4-43e2-ab07-ff70f87e0033,2ca58df5-8378-4d07-ae89-9a78899d1242,b3870e5e-d4ed-4a02-8bca-6e033c29afbb,0,2026-08-02T18:54:19.367383+00:00,mapa 5
baa5c0a4-12e8-4b57-b52a-0ecd91e1db5a,4387734a-01b1-49f2-9ab1-8077a3320123,f2e5cee0-2174-4d13-8d29-4614ed55ec18,0,2026-07-26T00:17:01.662277+00:00,mapa 4
62d1bbdb-eaab-4d21-be87-4631e8875503,4387734a-01b1-49f2-9ab1-8077a3320123,46b39b3a-962c-495b-97f0-5dd6b881a4ff,349,2026-07-28T14:22:25.066707+00:00,"Funda ""Bosque Sombrío"" "
483f13b0-177a-4d37-935c-2703c0e854ce,23282b43-f95d-41d2-807b-9141f4ca5134,92265279-29ec-48ce-8e2a-1135ab186ed2,150,2026-06-09T02:43:09.643976+00:00,skin 1
3f2ddfa9-18d7-4e0b-9e3a-b11926fd3ee1,23282b43-f95d-41d2-807b-9141f4ca5134,c00a71d2-3c1c-460b-85a8-c274d78af7cd,269,2026-04-14T10:06:06.929079+00:00,"Playera ""Trip Wanderer"""
7b090d0e-8f6b-4212-91ac-8df5a8130878,8a179828-3798-4e5a-b4e9-41a28b949c56,97ea20fd-b43e-41db-bcce-dd1584cdfc93,0,2026-08-16T13:24:46.151922+00:00,skin 3
b09cb522-913f-45e7-bb7b-339946fcc09f,f5d51a36-7d42-4108-9bad-c64f7c6d3b28,c00a71d2-3c1c-460b-85a8-c274d78af7cd,269,2026-08-09T20:03:31.362563+00:00,"Playera ""Trip Wanderer"""
ff7fe8d7-129c-433c-8abf-1fbb49c73d5f,97733cfc-6625-406c-9c88-eea963539333,81b01edf-434a-479d-8c8f-ef9a6bc08b65,369,2026-07-30T06:16:41.062456+00:00,The Trip Wanderer Heavy Hoodie
2937363d-a9f7-46ac-9492-ab3099f724da,97733cfc-6625-406c-9c88-eea963539333,637f6c5f-cef1-4074-92e3-b3f297e67c1c,0,2026-02-22T22:29:19.893186+00:00,mapa 1
cc4295a8-4e6c-4bf2-9f9e-055efc21cb63,80cd097f-d3c3-41de-bb41-06b8885969f6,92265279-29ec-48ce-8e2a-1135ab186ed2,150,2026-02-20T18:23:17.680614+00:00,skin 1
107ae1f5-585e-4cdc-a515-8ba570c83881,9d8f37e7-50f1-442b-b53c-0a7e7806876c,c8e4c472-da43-447e-a3db-733082db5162,150,2026-07-29T22:14:25.413176+00:00,The Trip Wanderer
24e6c8d6-9a35-478d-9099-e2f46618f4b1,9d8f37e7-50f1-442b-b53c-0a7e7806876c,dcd0c172-58c8-454a-bcf8-dd72204b7d18,0,2026-08-06T01:04:45.483043+00:00,skin 2
ca6f3b39-dbd9-4512-8f51-f9616771e0fb,21aa3c8e-e84c-4ace-a22e-96da608baea9,5e8726e1-12c7-46ad-b773-a3f625bfe693,199,2026-06-04T06:55:02.995062+00:00,Peluche
6769036a-ff00-4680-bb44-e98100c730d5,675b1a26-bcf2-40eb-afbc-61ca02186248,f244ce56-4651-4990-8407-0472b13eb3b7,0,2026-06-15T02:02:29.492112+00:00,mapa 3
439200b2-27e0-4eeb-a0b6-83968371fa43,36961a33-fa12-45ab-9b6a-cc4822ff305e,92265279-29ec-48ce-8e2a-1135ab186ed2,150,2025-05-04T13:42:54.079675+00:00,skin 1
7490c372-9b88-4ba4-a4aa-f1c50b89ef14,36961a33-fa12-45ab-9b6a-cc4822ff305e,5eb991bd-33fb-413b-b96b-e481b7aafacb,399.99,2025-08-07T12:39:35.159507+00:00,"Gorra Snapback ""TRIP"" "
9f25c20f-e02b-4888-80ff-b8784e859828,18410015-0672-4aae-b277-3816942420c0,5eb991bd-33fb-413b-b96b-e481b7aafacb,399.99,2025-12-12T15:59:33.369981+00:00,"Gorra Snapback ""TRIP"" "
b4d74642-386e-491a-b24e-05426d93d522,a205731a-6fa3-4146-bcb0-deacbb458c71,c00a71d2-3c1c-460b-85a8-c274d78af7cd,269,2026-05-19T15:20:02.777166+00:00,"Playera ""Trip Wanderer"""
6b9bd609-c9f6-434b-ac82-d60c451115eb,a205731a-6fa3-4146-bcb0-deacbb458c71,dcd0c172-58c8-454a-bcf8-dd72204b7d18,0,2025-11-19T16:42:03.235126+00:00,skin 2
4ea476db-3c28-4b2b-a21a-0b7481b0211c,adc6f634-f655-4b82-a0fe-c3701291dbb8,f2e5cee0-2174-4d13-8d29-4614ed55ec18,0,2026-07-09T01:44:22.881666+00:00,mapa 4
063dce82-a1d5-4aa2-aaaf-21daf5fb1082,adc6f634-f655-4b82-a0fe-c3701291dbb8,dcd0c172-58c8-454a-bcf8-dd72204b7d18,0,2026-06-18T22:43:12.647721+00:00,skin 2
7673a0b8-0b15-4199-a9d2-d1d2e6080892,4252e977-ab58-4ff1-8627-b8a84b875403,f244ce56-4651-4990-8407-0472b13eb3b7,0,2025-12-09T05:37:01.490532+00:00,mapa 3
7140f0b2-c17c-44f0-98b0-b4646fcaad95,4252e977-ab58-4ff1-8627-b8a84b875403,46b39b3a-962c-495b-97f0-5dd6b881a4ff,349,2025-10-13T16:35:00.180861+00:00,"Funda ""Bosque Sombrío"" "
b0a32fd7-f6ca-4f8d-8dc4-7b0e7aef805e,43201c24-6dc8-482a-8bbd-bfccc01afab2,97ea20fd-b43e-41db-bcce-dd1584cdfc93,0,2026-07-06T18:48:23.988273+00:00,skin 3
9394a6a1-d741-4ed2-a336-d35596f2aacf,10eec6e3-511e-4086-bed9-92a9beb13e05,46b39b3a-962c-495b-97f0-5dd6b881a4ff,349,2024-10-16T03:36:30.337191+00:00,"Funda ""Bosque Sombrío"" "
f0bad57c-1611-479a-a9df-e134599d1611,0711c590-0b07-492a-b7e9-ef5a2132e3bd,4366ee86-7f31-48e6-8282-879de385e7a1,0,2024-12-18T23:11:11.361774+00:00,mapa 2
e690f979-d5d6-42a4-af0e-2c1668313f80,bd2ee2c6-37f8-4bdb-ad7e-951248d53982,dcd0c172-58c8-454a-bcf8-dd72204b7d18,0,2026-02-23T14:38:56.888685+00:00,skin 2
685555e4-cac1-4cfe-bdf6-c15e89dca55a,bd2ee2c6-37f8-4bdb-ad7e-951248d53982,46b39b3a-962c-495b-97f0-5dd6b881a4ff,349,2025-10-13T20:06:43.323855+00:00,"Funda ""Bosque Sombrío"" "
3df4c9f3-8e31-40cd-b28b-42e1dab5d5bb,cfb39025-aea3-44d6-9d02-091e4fe67c7e,92265279-29ec-48ce-8e2a-1135ab186ed2,150,2025-05-17T19:06:43.926392+00:00,skin 1
7e910fd6-ebfd-45ba-b9dc-f9e5cb085ae7,95210e2f-92f2-4d67-b939-89f8b5ff602b,6ee284fa-618b-470a-8253-5d980bf9a786,0,2025-10-12T05:50:32.999041+00:00,pin
af0499bd-3967-4073-9834-31095d258e96,6b1203b1-f1a4-441e-9d45-68d35eb343b8,92265279-29ec-48ce-8e2a-1135ab186ed2,150,2026-01-21T22:52:34.886037+00:00,skin 1
89e54160-5e9d-4d32-bbbe-b76f78b28fd2,e9f389a6-6197-4bf1-ab83-e03bc0d67d1a,dcd0c172-58c8-454a-bcf8-dd72204b7d18,0,2026-08-15T19:09:41.523642+00:00,skin 2
a90c8ff0-3a9a-49c4-a412-d1060329eff4,fb847148-4b22-43cb-ab48-a309e657935a,637f6c5f-cef1-4074-92e3-b3f297e67c1c,0,2025-10-26T22:58:40.768678+00:00,mapa 1
e99ac6de-c24f-4a63-9abc-7dbb067ab364,97a1a9b8-a56f-4a34-94b2-f48ec7f7198f,59232c06-e6bc-40e5-9299-68c0e348106c,0,2026-07-27T11:57:42.222303+00:00,creo es son efectos
36852132-8ac2-4c6a-81ba-8b8086d16585,41f35035-b674-4d62-bd62-4c3b5cf05728,dcd0c172-58c8-454a-bcf8-dd72204b7d18,0,2026-06-21T21:21:34.57728+00:00,skin 2
076f7015-afae-4904-af69-8ca3f8c392a9,b8ea3ec7-cf47-46a7-80ff-0755629152f9,97ea20fd-b43e-41db-bcce-dd1584cdfc93,0,2026-06-19T21:39:26.758827+00:00,skin 3
bc114538-680e-4eb3-b18f-141317ad9db7,cabec597-00cc-48df-bc78-8728df8f6870,81b01edf-434a-479d-8c8f-ef9a6bc08b65,369,2026-07-08T23:36:01.291404+00:00,The Trip Wanderer Heavy Hoodie
f96fca21-d0dd-4784-8757-aa33f09c8046,2dea41e8-0749-4320-b982-7b64f2816260,b3870e5e-d4ed-4a02-8bca-6e033c29afbb,0,2025-05-03T01:41:50.229278+00:00,mapa 5
57fba4db-2456-4833-b7a9-8451b4992782,2dea41e8-0749-4320-b982-7b64f2816260,637f6c5f-cef1-4074-92e3-b3f297e67c1c,0,2025-09-16T04:28:41.618443+00:00,mapa 1
78662bb2-a53c-412f-8a4a-931896d14159,7feb5839-f956-4608-9fe2-9e8516e8c7d7,c8e4c472-da43-447e-a3db-733082db5162,150,2025-12-13T01:40:54.446276+00:00,The Trip Wanderer
5771c57d-6074-4239-91b9-35bfc801ee9c,7feb5839-f956-4608-9fe2-9e8516e8c7d7,c00a71d2-3c1c-460b-85a8-c274d78af7cd,269,2025-12-17T18:15:32.945663+00:00,"Playera ""Trip Wanderer"""
44461f84-29b0-49f0-8289-07cb2516d3fe,811b4a93-60a7-424e-8a22-9bbb1d6c4d8b,6ee284fa-618b-470a-8253-5d980bf9a786,0,2026-08-17T12:44:12.083747+00:00,pin
50c39ac8-7b20-487a-9381-e80cd143dbfc,5bb95b40-5267-4e28-a53d-615af718c159,f2e5cee0-2174-4d13-8d29-4614ed55ec18,0,2026-05-10T22:10:36.109751+00:00,mapa 4
47aa24f3-1659-4cad-89c7-c12b0fe4f8ab,5bb95b40-5267-4e28-a53d-615af718c159,4366ee86-7f31-48e6-8282-879de385e7a1,0,2026-02-24T08:59:28.936453+00:00,mapa 2
e29d59e7-06a7-4bf7-8222-3a02c020f5a9,5bb95b40-5267-4e28-a53d-615af718c159,6ee284fa-618b-470a-8253-5d980bf9a786,0,2026-07-29T19:47:55.982578+00:00,pin
10c9dd27-0739-4760-bb98-ae7ad37c4481,5bb95b40-5267-4e28-a53d-615af718c159,f2e5cee0-2174-4d13-8d29-4614ed55ec18,0,2026-06-19T17:02:19.818729+00:00,mapa 4
1409360c-33e9-4da4-a48e-42f32728a4c6,ef2d3f61-f859-4906-9399-06dcd41c832e,f244ce56-4651-4990-8407-0472b13eb3b7,0,2025-04-12T19:51:20.818297+00:00,mapa 3
ec5e6d3a-495f-401f-9621-590cd33c6bd9,ef2d3f61-f859-4906-9399-06dcd41c832e,8e37b000-0661-4dfa-8df1-c899ad070231,60,2025-03-07T12:49:23.335747+00:00,llavero
2e999bcd-66c2-4c7b-97ca-42d0797af00c,fd14b45a-786c-4fca-ace2-079c5f7ab492,5eb991bd-33fb-413b-b96b-e481b7aafacb,399.99,2024-09-23T05:23:23.757939+00:00,"Gorra Snapback ""TRIP"" "
90e2d1f1-ecd2-4a83-a404-987074393315,bc818c72-fcbf-48bb-aa2d-87b1dc82797b,81b01edf-434a-479d-8c8f-ef9a6bc08b65,369,2026-05-27T07:53:25.455254+00:00,The Trip Wanderer Heavy Hoodie
7d11dd59-91fc-4b7c-ad37-a6af90bcaadb,bc818c72-fcbf-48bb-aa2d-87b1dc82797b,c00a71d2-3c1c-460b-85a8-c274d78af7cd,269,2026-04-07T16:05:18.507277+00:00,"Playera ""Trip Wanderer"""
0e451e54-ee54-4b32-9ad7-820b92559717,30ed4548-6a88-4368-94b6-8b4e29cc1ad9,b3870e5e-d4ed-4a02-8bca-6e033c29afbb,0,2026-04-07T15:49:05.451386+00:00,mapa 5
6242c092-583e-4b65-902a-d6afe6c3b3c5,55de167a-926f-4adc-b509-faa18f22cf73,4366ee86-7f31-48e6-8282-879de385e7a1,0,2026-06-15T02:13:15.863494+00:00,mapa 2
8d6d6126-25ce-4781-a5b8-d4789a48501c,183796d6-976e-41f3-9c09-27f7204191f9,5eb991bd-33fb-413b-b96b-e481b7aafacb,399.99,2026-07-23T21:32:07.038368+00:00,"Gorra Snapback ""TRIP"" "
a6c795cc-058a-4980-91fb-80eb09d36cd6,52e40cb9-72b7-4aea-9f63-16f69fccc712,6ee284fa-618b-470a-8253-5d980bf9a786,0,2026-05-28T22:56:22.192499+00:00,pin
8461b91d-4fbe-4628-b9c2-ff5185ea6030,52e40cb9-72b7-4aea-9f63-16f69fccc712,5e8726e1-12c7-46ad-b773-a3f625bfe693,199,2026-06-18T06:55:29.910739+00:00,Peluche
41466fcb-7b74-4318-85a8-74026c1c56e9,5d0fda95-56da-4f7f-b18b-4509ebb482d3,f2e5cee0-2174-4d13-8d29-4614ed55ec18,0,2025-11-25T09:34:03.237282+00:00,mapa 4
4ebcf749-aca4-4bd5-91d0-82e5fe72fa59,5d0fda95-56da-4f7f-b18b-4509ebb482d3,46b39b3a-962c-495b-97f0-5dd6b881a4ff,349,2025-11-11T12:52:53.815177+00:00,"Funda ""Bosque Sombrío"" "
3a2e2f55-7a06-423d-bab6-c82142448a97,4c2547ea-4014-41aa-93c9-c0f8e4eb3d1a,dcd0c172-58c8-454a-bcf8-dd72204b7d18,0,2026-07-06T23:37:44.773888+00:00,skin 2
c9d0df9c-4246-43eb-9571-db7581084872,4c2547ea-4014-41aa-93c9-c0f8e4eb3d1a,81b01edf-434a-479d-8c8f-ef9a6bc08b65,369,2026-04-30T17:16:26.245161+00:00,The Trip Wanderer Heavy Hoodie
87de492f-6b91-4413-a80b-eca03313c8c0,df7e6165-20c0-467e-ab03-3d6d6d67b464,46b39b3a-962c-495b-97f0-5dd6b881a4ff,349,2026-08-17T09:00:11.381192+00:00,"Funda ""Bosque Sombrío"" "
97d1dd94-1084-4315-a525-faf87be2112c,2fca6fbc-427b-4249-9eab-5429656ebcfa,5eb991bd-33fb-413b-b96b-e481b7aafacb,399.99,2026-06-22T22:16:48.106391+00:00,"Gorra Snapback ""TRIP"" "
93a425c1-99ed-41a4-b407-81caff0c9abc,0be3b494-65e6-458b-8dd3-5ad5f13a59a5,b3870e5e-d4ed-4a02-8bca-6e033c29afbb,0,2024-05-11T04:38:58.609405+00:00,mapa 5
69aac301-4ca7-40be-b19e-5182c463b36b,0be3b494-65e6-458b-8dd3-5ad5f13a59a5,c8e4c472-da43-447e-a3db-733082db5162,150,2025-03-14T19:34:11.935468+00:00,The Trip Wanderer
c7d99a52-bc92-409a-9aca-da26889a0711,351240a5-6266-4489-84d8-562d46470d79,b3870e5e-d4ed-4a02-8bca-6e033c29afbb,0,2026-05-06T14:52:32.788277+00:00,mapa 5
dad92cef-72a8-4156-9391-6f818b6071cd,3e7e5684-99ba-4a9d-accb-a9e70e07ef60,f2e5cee0-2174-4d13-8d29-4614ed55ec18,0,2026-05-18T20:34:24.778873+00:00,mapa 4
f43bba8f-f466-4c67-aba2-c80ccef17de9,3e7e5684-99ba-4a9d-accb-a9e70e07ef60,92265279-29ec-48ce-8e2a-1135ab186ed2,150,2026-04-05T18:46:48.52485+00:00,skin 1
1102c26e-fe54-4871-a0ad-ae9b1fb4afde,a2e303ef-2e16-42dd-8a1d-2fb9357b3047,4366ee86-7f31-48e6-8282-879de385e7a1,0,2026-08-12T01:31:30.588061+00:00,mapa 2
24ff4663-9498-497a-8307-10ed7393daf9,6b1387c8-eca9-4cb8-b520-ab7b17fc6e2e,f2e5cee0-2174-4d13-8d29-4614ed55ec18,0,2025-12-26T19:47:01.119538+00:00,mapa 4
4e0222bf-c2a7-470c-b06a-d82dee522149,6ed93bcd-1b3c-4771-a906-28ba5d351954,c00a71d2-3c1c-460b-85a8-c274d78af7cd,269,2026-06-09T12:42:14.308723+00:00,"Playera ""Trip Wanderer"""
24d2a192-6e32-4065-94bb-fd248c3f44b3,f71ed5e7-a122-4df5-8443-7d078fcb8aa4,dcd0c172-58c8-454a-bcf8-dd72204b7d18,0,2026-02-23T07:36:01.01298+00:00,skin 2
9f60b8cf-ac5f-4bc9-8e76-b8eb27cbacaf,f71ed5e7-a122-4df5-8443-7d078fcb8aa4,97ea20fd-b43e-41db-bcce-dd1584cdfc93,0,2026-01-31T01:19:49.505321+00:00,skin 3
30fceaed-2b55-4520-8351-aaccf725421c,e160fa3b-46a4-4313-95f8-7c6fc87c5153,f244ce56-4651-4990-8407-0472b13eb3b7,0,2026-08-09T11:43:43.168475+00:00,mapa 3
a451916b-8354-464f-b97e-758c902535e3,7e1909ff-426a-45ad-87b7-39718ce08826,92265279-29ec-48ce-8e2a-1135ab186ed2,150,2026-04-25T05:36:25.854873+00:00,skin 1
8fc881a8-572a-46e2-ba54-2b31be8d420f,9f7e09ad-b7b0-492e-8d0c-b2a8cb25de74,c00a71d2-3c1c-460b-85a8-c274d78af7cd,269,2026-08-12T13:57:15.385085+00:00,"Playera ""Trip Wanderer"""
81b08cd4-3728-4985-9db7-3ff4dc5a30b6,95e59624-7c1e-4dd7-a30c-633b147ef6d0,637f6c5f-cef1-4074-92e3-b3f297e67c1c,0,2025-05-01T02:34:51.222831+00:00,mapa 1
55411e4f-dbac-4b60-80f5-0056c29e93e7,95e59624-7c1e-4dd7-a30c-633b147ef6d0,81b01edf-434a-479d-8c8f-ef9a6bc08b65,369,2025-08-14T18:43:05.890936+00:00,The Trip Wanderer Heavy Hoodie
6b4352a5-4418-49dd-9405-bbd97f04411c,78ed5c79-1996-4444-a73a-84019cdfef9f,dcd0c172-58c8-454a-bcf8-dd72204b7d18,0,2025-07-30T00:16:50.471209+00:00,skin 2
1e3c3159-38af-4cde-a7a5-cc3c2d949b88,78ed5c79-1996-4444-a73a-84019cdfef9f,97ea20fd-b43e-41db-bcce-dd1584cdfc93,0,2025-06-09T23:26:20.032188+00:00,skin 3
238d39cd-295a-4fe0-ace0-179f89d68f37,e7f5507d-081b-4550-8f5d-81403e0925ce,6ee284fa-618b-470a-8253-5d980bf9a786,0,2026-07-09T11:20:42.611877+00:00,pin
c2ef5a56-6c00-49e9-afdb-049058f482b9,e7f5507d-081b-4550-8f5d-81403e0925ce,5eb991bd-33fb-413b-b96b-e481b7aafacb,399.99,2026-08-05T00:45:11.648525+00:00,"Gorra Snapback ""TRIP"" "
7e25604f-e771-4865-b91a-c1ffdbc26aee,a786c74a-db37-4ca9-873b-7be7e0d3fca2,59232c06-e6bc-40e5-9299-68c0e348106c,0,2026-08-15T14:46:36.146105+00:00,creo es son efectos
7dad35fc-9f8e-436f-a80d-eae6d7b1ed24,e8fbbde9-3b7f-4654-bf27-2d55cc002759,c00a71d2-3c1c-460b-85a8-c274d78af7cd,269,2026-07-11T09:25:57.375877+00:00,"Playera ""Trip Wanderer"""
a1d6d218-791b-439b-a443-84fc18766722,ad2cfca7-4ea3-4ffc-b4aa-8200a845777a,97ea20fd-b43e-41db-bcce-dd1584cdfc93,0,2026-01-22T13:48:22.029522+00:00,skin 3
19965862-f2e9-4301-9eec-59d3b7e7540a,b1412e21-1a4f-44f6-893d-105a3fe2978c,4366ee86-7f31-48e6-8282-879de385e7a1,0,2026-08-02T03:41:39.267715+00:00,mapa 2
840c65a6-1c03-4019-98f5-1ea0569d2563,9cf5fd86-dc08-4c81-aa9f-0f2adfd751ab,5eb991bd-33fb-413b-b96b-e481b7aafacb,399.99,2026-06-28T10:37:38.084568+00:00,"Gorra Snapback ""TRIP"" "
2e546e2c-6e60-48dd-8622-93a53de874eb,35087de6-0227-4ff4-bb87-afb0c886e0f3,97ea20fd-b43e-41db-bcce-dd1584cdfc93,0,2026-08-12T23:22:14.932427+00:00,skin 3
1455abd6-e9d1-47d2-9b4f-b6debed911a2,848745cd-949e-45de-b801-209056479098,c8e4c472-da43-447e-a3db-733082db5162,150,2026-01-14T10:03:39.0323+00:00,The Trip Wanderer
1907dd9d-91b3-4626-8707-ffe55bfcfc9b,e778506a-5595-48ec-ad7e-49e54f57ddea,81b01edf-434a-479d-8c8f-ef9a6bc08b65,369,2025-07-23T11:56:00.51355+00:00,The Trip Wanderer Heavy Hoodie
08d1890e-c97b-449e-b630-8e77b827e635,5ce405ec-edcf-4ca2-8954-7695d08a4ba0,6ee284fa-618b-470a-8253-5d980bf9a786,0,2026-05-22T17:56:31.186848+00:00,pin
c7b5c3aa-aaf3-4625-8b65-9f8b6795a588,44dd139a-7459-4311-93fa-72292322881b,59232c06-e6bc-40e5-9299-68c0e348106c,0,2025-09-23T00:24:04.948957+00:00,creo es son efectos
30162424-ca82-4476-b6d0-5a3c3533f598,b6f0912c-ae50-4ab1-b090-ceb512552ba0,f2e5cee0-2174-4d13-8d29-4614ed55ec18,0,2026-01-23T16:44:13.47583+00:00,mapa 4
5ae58dfb-d702-46ae-93b7-7fa750ddd653,b6f0912c-ae50-4ab1-b090-ceb512552ba0,f2e5cee0-2174-4d13-8d29-4614ed55ec18,0,2026-07-27T02:53:38.709669+00:00,mapa 4
f7dc646d-88dc-4495-804a-0f484943f5f8,f6e0439e-3f1d-4e13-affa-814333db6823,8e37b000-0661-4dfa-8df1-c899ad070231,60,2026-06-10T12:48:15.651216+00:00,llavero
955240a7-f2ca-49d3-8dac-580c192eb023,f6e0439e-3f1d-4e13-affa-814333db6823,92265279-29ec-48ce-8e2a-1135ab186ed2,150,2026-05-29T13:06:13.602667+00:00,skin 1
ed9dc4fc-e5c9-4c44-ae13-3403df724681,f6e0439e-3f1d-4e13-affa-814333db6823,46b39b3a-962c-495b-97f0-5dd6b881a4ff,349,2026-05-16T16:49:30.312482+00:00,"Funda ""Bosque Sombrío"" "
9e9d540e-0225-4e8d-9d0b-c994bd76a5b1,f6e0439e-3f1d-4e13-affa-814333db6823,5eb991bd-33fb-413b-b96b-e481b7aafacb,399.99,2026-05-25T01:58:08.026776+00:00,"Gorra Snapback ""TRIP"" "
707863dd-374c-40c3-bbaa-c02aad56d7d9,f6e0439e-3f1d-4e13-affa-814333db6823,637f6c5f-cef1-4074-92e3-b3f297e67c1c,0,2026-07-06T16:50:59.387059+00:00,mapa 1
fb3280cc-4043-4ea6-9fe5-6b24644c9951,bd87d0d5-3712-4352-b5db-a4fb4ebfdfba,8e37b000-0661-4dfa-8df1-c899ad070231,60,2026-03-09T13:05:45.702553+00:00,llavero
1c9c07a8-8b08-4ff7-a3f0-910c9aefb8e1,a4cacf6e-605d-4e1b-8f3c-a8ba6460706c,b3870e5e-d4ed-4a02-8bca-6e033c29afbb,0,2026-08-19T17:32:27.295058+00:00,mapa 5
04dd7997-e4ef-4046-86ed-dae48edcdbc0,a4cacf6e-605d-4e1b-8f3c-a8ba6460706c,637f6c5f-cef1-4074-92e3-b3f297e67c1c,0,2026-08-13T01:42:26.663176+00:00,mapa 1
fdf8efc8-a6d4-4ae0-a736-0a097d964723,be3845c8-aef8-4414-9472-013940b64e7d,92265279-29ec-48ce-8e2a-1135ab186ed2,150,2025-09-28T05:07:16.959618+00:00,skin 1
405908e7-57d3-411c-b9dd-379b655410c4,447b3e30-80ea-4402-88b7-4f303bd81603,b3870e5e-d4ed-4a02-8bca-6e033c29afbb,0,2026-06-14T06:40:53.877614+00:00,mapa 5
6c4b0a04-945a-4396-9f4b-0769ffd1530c,447b3e30-80ea-4402-88b7-4f303bd81603,46b39b3a-962c-495b-97f0-5dd6b881a4ff,349,2026-06-14T14:28:17.506458+00:00,"Funda ""Bosque Sombrío"" "
80581019-5645-4aa3-b22b-74e33b3ea048,052616dd-2f00-4492-a2cc-90eed473d056,97ea20fd-b43e-41db-bcce-dd1584cdfc93,0,2026-08-12T11:24:37.732121+00:00,skin 3
9c305729-8b4a-4fd8-a183-0e70a3437b9e,052616dd-2f00-4492-a2cc-90eed473d056,6ee284fa-618b-470a-8253-5d980bf9a786,0,2026-08-06T02:15:18.591137+00:00,pin
537fc75b-bafb-45c3-a365-8f81f2144e81,7049d767-dbd5-4cd5-8ee2-8bd37d5630f4,b3870e5e-d4ed-4a02-8bca-6e033c29afbb,0,2026-04-06T07:53:26.824579+00:00,mapa 5
5f5bfdce-0a89-41fe-b1b2-69a80ee279a7,7049d767-dbd5-4cd5-8ee2-8bd37d5630f4,f244ce56-4651-4990-8407-0472b13eb3b7,0,2026-05-06T05:49:04.06976+00:00,mapa 3
fd2c5daf-8de0-4c5f-be56-589c3428dee9,ecdfef6e-1c1c-4c32-9d82-5a5b3959f175,c8e4c472-da43-447e-a3db-733082db5162,150,2025-12-17T22:20:01.881722+00:00,The Trip Wanderer
15573264-7bfb-4e14-a7c6-bcea71ccbc88,560f95d0-32b3-494b-a43c-f380436ff850,f244ce56-4651-4990-8407-0472b13eb3b7,0,2026-04-25T09:53:38.307622+00:00,mapa 3
7b70a696-9a1b-451e-9fe4-890a5e01561d,560f95d0-32b3-494b-a43c-f380436ff850,8e37b000-0661-4dfa-8df1-c899ad070231,60,2026-02-05T23:50:44.349589+00:00,llavero
37fe6f87-7646-4027-a721-8a7afad4dd5d,f58c3f99-57af-49bb-91ab-0a80ecd2d29e,6ee284fa-618b-470a-8253-5d980bf9a786,0,2026-02-17T23:36:25.114396+00:00,pin
86e96f1e-0ef7-4853-bf8b-84ef40b87073,f58c3f99-57af-49bb-91ab-0a80ecd2d29e,8e37b000-0661-4dfa-8df1-c899ad070231,60,2025-09-21T13:52:59.109608+00:00,llavero
43d0cf68-b908-4f30-8c6a-2feddb84b675,762c47fd-1717-46fb-9934-f9fd9dc5c422,f2e5cee0-2174-4d13-8d29-4614ed55ec18,0,2026-08-14T21:01:39.515623+00:00,mapa 4
ab20a544-498b-4414-ab06-f13a4ccdca1f,762c47fd-1717-46fb-9934-f9fd9dc5c422,6ee284fa-618b-470a-8253-5d980bf9a786,0,2026-08-09T19:31:26.071645+00:00,pin
dba8a0da-975c-4478-8237-0f7cc4656bae,41f18451-927a-49fb-857c-73db4e226d4a,c8e4c472-da43-447e-a3db-733082db5162,150,2025-12-13T04:09:59.851331+00:00,The Trip Wanderer
dae4c2fd-033d-4101-a3b1-62a21513eff1,b7248028-76c8-475a-a0da-fc272d41e8fe,97ea20fd-b43e-41db-bcce-dd1584cdfc93,0,2025-11-28T08:34:11.877158+00:00,skin 3
53d78539-c7e3-4b6b-9b14-0efc510efd7b,b7248028-76c8-475a-a0da-fc272d41e8fe,637f6c5f-cef1-4074-92e3-b3f297e67c1c,0,2026-06-24T02:41:08.154556+00:00,mapa 1
2d12d5cd-f422-4019-818f-f2451c4ecc10,3079217b-507d-4435-b0b5-d0718ab50d1d,92265279-29ec-48ce-8e2a-1135ab186ed2,150,2025-12-20T01:16:04.722357+00:00,skin 1
1d03d8b3-4ff6-4c04-9303-2451978b3373,31fe8038-ba7b-48a7-b8d8-226d585d0826,46b39b3a-962c-495b-97f0-5dd6b881a4ff,349,2026-06-29T08:45:42.266159+00:00,"Funda ""Bosque Sombrío"" "
1f447ee6-62bc-4ad4-b0db-cd5acb9f19ea,3fce28ce-da45-4157-80a2-90e7c1adc58c,b3870e5e-d4ed-4a02-8bca-6e033c29afbb,0,2026-04-15T08:10:39.542557+00:00,mapa 5
441be972-6ac0-461e-8b86-944185ccb87b,3fce28ce-da45-4157-80a2-90e7c1adc58c,81b01edf-434a-479d-8c8f-ef9a6bc08b65,369,2025-10-03T19:50:09.921947+00:00,The Trip Wanderer Heavy Hoodie
b574e2f8-aa29-4ad5-ad27-90b108cdceb7,a30f87eb-d43e-4aab-bd9a-13a57795a28c,5e8726e1-12c7-46ad-b773-a3f625bfe693,199,2026-02-06T20:11:44.804105+00:00,Peluche
7500d40c-cd11-46af-9148-ad44f5c8f027,f078a32c-5f90-474e-9302-4d86803423a7,c8e4c472-da43-447e-a3db-733082db5162,150,2026-07-13T08:48:36.729826+00:00,The Trip Wanderer
1b5cb9ff-c73a-430b-be9a-a65a3408d035,fae74e24-dafe-4c67-9503-6c37a0580080,f2e5cee0-2174-4d13-8d29-4614ed55ec18,0,2024-12-31T04:42:28.834994+00:00,mapa 4
9c0d7ccf-85f5-4e9e-bee7-2c3cf8dd944e,df7ca7c0-5609-46e3-9203-54729246bb39,59232c06-e6bc-40e5-9299-68c0e348106c,0,2025-01-13T05:35:51.67745+00:00,creo es son efectos
b0acf14a-51f4-46b8-87ec-5e1c92fb11dc,eafb18e6-d9a1-415b-a4a9-811f2b368be9,637f6c5f-cef1-4074-92e3-b3f297e67c1c,0,2026-01-26T08:35:18.758093+00:00,mapa 1
68891fe7-e7a4-4be2-8773-82c8be6865ac,eafb18e6-d9a1-415b-a4a9-811f2b368be9,5eb991bd-33fb-413b-b96b-e481b7aafacb,399.99,2026-02-27T00:49:33.905877+00:00,"Gorra Snapback ""TRIP"" "
23a6b0f8-8a36-4626-959f-7801392221ce,62dbfbe7-f087-4a43-b9f5-d02399a5bc87,46b39b3a-962c-495b-97f0-5dd6b881a4ff,349,2026-05-11T14:48:58.971067+00:00,"Funda ""Bosque Sombrío"" "
a8f51f47-7c6a-4252-9406-b7a35eeb89df,ab568adf-20b2-4e0c-9c1b-a5a1233e404f,5eb991bd-33fb-413b-b96b-e481b7aafacb,399.99,2025-06-15T14:43:38.210377+00:00,"Gorra Snapback ""TRIP"" "